badge,url,suburb,state,postcode,short_address,full_address,price,price_text,property_type_detail,bedrooms,bathrooms,parking_spaces,building_size,building_size_unit,land_size,land_size_unit,listing_company_id,listing_company_name,auction_date,available_date,sold_date,property_type,building_size_clean,land_size_clean
Sold,https://www.realestate.com.au/sold/property-house-nsw-fishing+point-130147062,Fishing Point,NSW,2283,,,,Contact agent,house,0,1,0,,,1195.0,m²,NTWOYA,Love Realty - Newcastle/ Lake Macquarie,,,04 Mar 2020,house,,1195.0
Sold,https://www.realestate.com.au/sold/property-house-nsw-fishing+point-107266697,Fishing Point,NSW,2283,73 Sealand Road,"73 Sealand Road, Fishing Point, NSW 2283",325000,"$325,000",house,1,1,1,,,702.0,m²,PRDNEW,"PRD Presence - Newcastle, Lake Macquarie & Central Coast -     ",,,21 Jul 2011,house,,702.0
Sold,https://www.realestate.com.au/sold/property-house-nsw-fishing+point-106014850,Fishing Point,NSW,2283,,,182500,"$182,500",house,1,1,2,,,690.0,m²,XCETON,Century 21 Gallery - Rathmines,,,18 Nov 2009,house,,690.0
Sold,https://www.realestate.com.au/sold/property-house-nsw-fishing+point-114591107,Fishing Point,NSW,2283,,,720000,"$720,000",house,1,1,3,,,-1.0,,XRWTOR,Ray White - Toronto,,,20 Dec 2013,house,,-1.0
Sold,https://www.realestate.com.au/sold/property-house-nsw-fishing+point-115239803,Fishing Point,NSW,2283,73 Sealand Road,"73 Sealand Road, Fishing Point, NSW 2283",332500,"$332,500",house,1,1,2,,,700.0,m²,,,,,27 Nov 2013,house,,700.0
Sold,https://www.realestate.com.au/sold/property-house-nsw-fishing+point-120161353,Fishing Point,NSW,2283,217 Fishing Point Road,"217 Fishing Point Road, Fishing Point, NSW 2283",740000,"$740,000",house,2,1,1,,,1391.0,m²,XLJTOS,LJ Hooker Lake Macquarie - TORONTO,,,28 Nov 2016,house,,1391.0
Sold,https://www.realestate.com.au/sold/property-house-nsw-fishing+point-131734826,Fishing Point,NSW,2283,134 Sealand Road,"134 Sealand Road, Fishing Point, NSW 2283",920000,"$920,000",house,2,1,0,,,733.0,m²,XRWTOR,Ray White - Toronto,,,01 Nov 2019,house,,733.0
Sold,https://www.realestate.com.au/sold/property-house-nsw-fishing+point-129787330,Fishing Point,NSW,2283,131 Fishing Point Road,"131 Fishing Point Road, Fishing Point, NSW 2283",949000,"$949,000",house,2,1,2,,,1300.0,m²,XRWTOR,Ray White - Toronto,,,24 Apr 2019,house,,1300.0
Sold,https://www.realestate.com.au/sold/property-house-nsw-fishing+point-120221533,Fishing Point,NSW,2283,134 Sealand Road,"134 Sealand Road, Fishing Point, NSW 2283",680000,"$680,000",house,2,1,0,,,714.0,m²,XFNTOT,Avery Property Professionals  -   ,,,24 Dec 2015,house,,714.0
Sold,https://www.realestate.com.au/sold/property-house-nsw-fishing+point-114173607,Fishing Point,NSW,2283,62 Sealand Road,"62 Sealand Road, Fishing Point, NSW 2283",990000,"$990,000",house,2,1,1,,,1397.0,m²,XFNTOT,Avery Property Professionals  -   ,,,14 Oct 2015,house,,1397.0
Sold,https://www.realestate.com.au/sold/property-house-nsw-fishing+point-117036407,Fishing Point,NSW,2283,223 Fishing Point Road,"223 Fishing Point Road, Fishing Point, NSW 2283",643000,"$643,000",house,2,1,1,,,1435.0,m²,XFNTOT,Avery Property Professionals  -   ,,,05 Aug 2014,house,,1435.0
Sold,https://www.realestate.com.au/sold/property-house-nsw-fishing+point-114465311,Fishing Point,NSW,2283,134 Sealand Road,"134 Sealand Road, Fishing Point, NSW 2283",635000,"$635,000",house,2,1,0,,,723.0,m²,XFNTOT,Avery Property Professionals  -   ,,,23 Aug 2013,house,,723.0
Sold,https://www.realestate.com.au/sold/property-house-nsw-fishing+point-107483858,Fishing Point,NSW,2283,,,610000,"$610,000",house,2,1,2,,,1151.0,m²,XLJTOS,LJ Hooker Lake Macquarie - TORONTO,,,13 May 2013,house,,1151.0
Sold,https://www.realestate.com.au/sold/property-house-nsw-fishing+point-104385529,Fishing Point,NSW,2283,,,225,$225,house,2,1,1,,,696.0,m²,XFNTOT,Avery Property Professionals  -   ,,,16 Nov 2007,house,,696.0
Sold,https://www.realestate.com.au/sold/property-house-nsw-fishing+point-137636826,Fishing Point,NSW,2283,126 Fishing Point Road,"126 Fishing Point Road, Fishing Point, NSW 2283",,Contact agent,house,2,1,2,,,732.0,m²,VFLTYD,Property Now - MOOLOOLABA,,,21 Dec 2021,house,,732.0
Sold,https://www.realestate.com.au/sold/property-house-nsw-fishing+point-136893378,Fishing Point,NSW,2283,243 Fishing Point Road,"243 Fishing Point Road, Fishing Point, NSW 2283",1425000,"$1,425,000",house,2,1,0,,,-1.0,,ZJOAJH,Dowling Property Group - Hamilton,,,17 Sep 2021,house,,-1.0
Sold,https://www.realestate.com.au/sold/property-house-nsw-fishing+point-116582707,Fishing Point,NSW,2283,5 Balmoral Place,"5 Balmoral Place, Fishing Point, NSW 2283",565000,"$565,000",house,2,2,2,,,271.0,m²,XCETON,Century 21 Gallery - Rathmines,,,08 Oct 2014,house,,271.0
Sold,https://www.realestate.com.au/sold/property-house-nsw-fishing+point-112269887,Fishing Point,NSW,2283,130 Sealand Road,"130 Sealand Road, Fishing Point, NSW 2283",580000,"$580,000",house,2,1,2,,,720.0,m²,XFNTOT,Avery Property Professionals  -   ,,,01 Mar 2013,house,,720.0
Sold,https://www.realestate.com.au/sold/property-house-nsw-fishing+point-107158716,Fishing Point,NSW,2283,,,790000,"$790,000",house,2,2,2,,,1631.0,m²,XRWTOR,Ray White - Toronto,,,07 Sep 2011,house,,1631.0
Sold,https://www.realestate.com.au/sold/property-house-nsw-fishing+point-106844779,Fishing Point,NSW,2283,,,340000,"Range: $290,000 - $340,000",house,2,1,2,,,732.0,m²,XFNTOT,Avery Property Professionals  -   ,,,24 Jan 2011,house,,732.0
Sold,https://www.realestate.com.au/sold/property-house-nsw-fishing+point-106940180,Fishing Point,NSW,2283,164 Fishing Point Road,"164 Fishing Point Road, Fishing Point, NSW 2283",261000,"$261,000",house,2,1,3,,,727.2,m²,XLJTOS,LJ Hooker Lake Macquarie - TORONTO,,,18 Nov 2010,house,,727.2
Sold,https://www.realestate.com.au/sold/property-house-nsw-fishing+point-105974655,Fishing Point,NSW,2283,207 Fishing Point Road,"207 Fishing Point Road, Fishing Point, NSW 2283",,Contact agent,house,2,2,0,,,1195.0,m²,XRWTOR,Ray White - Toronto,,,12 Jan 2010,house,,1195.0
Sold,https://www.realestate.com.au/sold/property-house-nsw-fishing+point-104922032,Fishing Point,NSW,2283,37 Carlisle Row,"37 Carlisle Row, Fishing Point, NSW 2283",290000,"$290,000",house,2,1,3,,,797.0,m²,XFNTOT,Avery Property Professionals  -   ,,,02 Mar 2009,house,,797.0
Sold,https://www.realestate.com.au/sold/property-house-nsw-fishing+point-105381326,Fishing Point,NSW,2283,34 Fishing Point Rd,"34 Fishing Point Rd, Fishing Point, NSW 2283",196000,"$196,000",house,2,1,1,,,564.0,m²,XRWTOR,Ray White - Toronto,,,15 Dec 2008,house,,564.0
Sold,https://www.realestate.com.au/sold/property-house-nsw-fishing+point-103162340,Fishing Point,NSW,2283,138 Sealand Rd,"138 Sealand Rd, Fishing Point, NSW 2283",700000,"$700,000",house,2,1,1,,,696.0,m²,XRWTOR,Ray White - Toronto,,,01 Mar 2007,house,,696.0
Sold,https://www.realestate.com.au/sold/property-house-nsw-fishing+point-107080692,Fishing Point,NSW,2283,211 Fishing Point Road,"211 Fishing Point Road, Fishing Point, NSW 2283",,Contact agent,house,2,1,2,,,1989.0,m²,XFNTOT,Avery Property Professionals  -   ,,,,house,,1989.0
Sold,https://www.realestate.com.au/sold/property-house-nsw-fishing+point-141396420,Fishing Point,NSW,2283,5 Glasgow Street,"5 Glasgow Street, Fishing Point, NSW 2283",810000,"$810,000",house,3,1,4,,,670.0,m²,VZUYFE,First National Real Estate - Toronto,,,08 Mar 2023,house,,670.0
Sold,https://www.realestate.com.au/sold/property-house-nsw-fishing+point-139994543,Fishing Point,NSW,2283,1 Sealand Road,"1 Sealand Road, Fishing Point, NSW 2283",850000,"$850,000",house,3,2,1,,,392.0,m²,XFNTOT,Avery Property Professionals  -   ,,,25 Aug 2022,house,,392.0
Sold,https://www.realestate.com.au/sold/property-house-nsw-fishing+point-139458631,Fishing Point,NSW,2283,70 Alkrington Avenue,"70 Alkrington Avenue, Fishing Point, NSW 2283",865000,"$865,000",house,3,2,2,,,578.0,m²,XFNTOT,Avery Property Professionals  -   ,,,08 Jul 2022,house,,578.0
Sold,https://www.realestate.com.au/sold/property-house-nsw-fishing+point-139341267,Fishing Point,NSW,2283,18 Carlisle Row,"18 Carlisle Row, Fishing Point, NSW 2283",755000,"$755,000",house,3,1,5,,,695.6,m²,XLJTOS,LJ Hooker Lake Macquarie - TORONTO,,,14 Jun 2022,house,,695.6
Sold,https://www.realestate.com.au/sold/property-house-nsw-fishing+point-139400495,Fishing Point,NSW,2283,52 Alkrington Avenue,"52 Alkrington Avenue, Fishing Point, NSW 2283",880000,"$880,000",house,3,2,4,,,740.2,m²,XLJTOS,LJ Hooker Lake Macquarie - TORONTO,,,03 Jun 2022,house,,740.2
Sold,https://www.realestate.com.au/sold/property-house-nsw-fishing+point-139101859,Fishing Point,NSW,2283,4 Alkrington Avenue,"4 Alkrington Avenue, Fishing Point, NSW 2283",690000,"$690,000",house,3,1,1,,,341.0,m²,ASAYKQ,Belle Property Lake Macquarie - Charlestown,,,20 May 2022,house,,341.0
Sold,https://www.realestate.com.au/sold/property-house-nsw-fishing+point-138282970,Fishing Point,NSW,2283,217 Fishing Point Road,"217 Fishing Point Road, Fishing Point, NSW 2283",1623000,"$1,623,000",house,3,1,4,,,1391.0,m²,XLJTOS,LJ Hooker Lake Macquarie - TORONTO,,,17 Feb 2022,house,,1391.0
Sold,https://www.realestate.com.au/sold/property-house-nsw-fishing+point-137390298,Fishing Point,NSW,2283,2a Fallside Street,"2a Fallside Street, Fishing Point, NSW 2283",800000,"$800,000",house,3,2,2,,,500.0,m²,XRWTOR,Ray White - Toronto,,,26 Oct 2021,house,,500.0
Sold,https://www.realestate.com.au/sold/property-house-nsw-fishing+point-136853222,Fishing Point,NSW,2283,49 Carlisle Row,"49 Carlisle Row, Fishing Point, NSW 2283",719000,"$719,000",house,3,2,2,,,847.0,m²,XLJTOS,LJ Hooker Lake Macquarie - TORONTO,,,28 Sep 2021,house,,847.0
Sold,https://www.realestate.com.au/sold/property-house-nsw-fishing+point-136125250,Fishing Point,NSW,2283,116 Fishing Point Road,"116 Fishing Point Road, Fishing Point, NSW 2283",755000,"$755,000",house,3,2,2,,,708.0,m²,VZUYFE,First National Real Estate - Toronto,,,07 May 2021,house,,708.0
Sold,https://www.realestate.com.au/sold/property-house-nsw-fishing+point-134268014,Fishing Point,NSW,2283,61 Sealand Road,"61 Sealand Road, Fishing Point, NSW 2283",740000,"$740,000",house,3,3,2,,,733.4,m²,XLJTOS,LJ Hooker Lake Macquarie - TORONTO,,,07 Dec 2020,house,,733.4
Sold,https://www.realestate.com.au/sold/property-house-nsw-fishing+point-134184342,Fishing Point,NSW,2283,70 Fishing Point Road,"70 Fishing Point Road, Fishing Point, NSW 2283",615000,"$615,000",house,3,2,2,,,910.5,m²,XLJTOS,LJ Hooker Lake Macquarie - TORONTO,,,24 Sep 2020,house,,910.5
Sold,https://www.realestate.com.au/sold/property-house-nsw-fishing+point-132250842,Fishing Point,NSW,2283,71a Alkrington Avenue,"71a Alkrington Avenue, Fishing Point, NSW 2283",860000,"$860,000",house,3,2,2,,,375.0,m²,YDNNTE,Raine & Horne  -  Wyong,,,28 Feb 2020,house,,375.0
Sold,https://www.realestate.com.au/sold/property-house-nsw-fishing+point-132665054,Fishing Point,NSW,2283,110A Sealand Road,"110A Sealand Road, Fishing Point, NSW 2283",920000,"$920,000",house,3,2,2,,,530.0,m²,VZUYFE,First National Real Estate - Toronto,,,07 Feb 2020,house,,530.0
Sold,https://www.realestate.com.au/sold/property-house-nsw-fishing+point-130996934,Fishing Point,NSW,2283,33 Sealand Road,"33 Sealand Road, Fishing Point, NSW 2283",730000,"$730,000",house,3,2,2,,,986.0,m²,PRDNEW,"PRD Presence - Newcastle, Lake Macquarie & Central Coast -     ",,,20 Dec 2019,house,,986.0
Sold,https://www.realestate.com.au/sold/property-house-nsw-fishing+point-126776038,Fishing Point,NSW,2283,5 Glasgow Street,"5 Glasgow Street, Fishing Point, NSW 2283",510000,"$510,000",house,3,1,2,,,671.0,m²,VZUYFE,First National Real Estate - Toronto,,,16 Feb 2018,house,,671.0
Sold,https://www.realestate.com.au/sold/property-house-nsw-fishing+point-120269089,Fishing Point,NSW,2283,132a Fishing Point Road,"132a Fishing Point Road, Fishing Point, NSW 2283",705000,"$705,000",house,3,3,2,,,725.3,m²,XLJTOS,LJ Hooker Lake Macquarie - TORONTO,,,01 Nov 2017,house,,725.3
Sold,https://www.realestate.com.au/sold/property-house-nsw-fishing+point-124366222,Fishing Point,NSW,2283,3 Datchet Street,"3 Datchet Street, Fishing Point, NSW 2283",950000,"$950,000",house,3,1,2,,,801.0,m²,XLJTOS,LJ Hooker Lake Macquarie - TORONTO,,,23 Feb 2017,house,,801.0
Sold,https://www.realestate.com.au/sold/property-house-nsw-fishing+point-122153534,Fishing Point,NSW,2283,223 Fishing Point Road,"223 Fishing Point Road, Fishing Point, NSW 2283",739000,"$739,000",house,3,2,2,,,1435.61,m²,XLJTOS,LJ Hooker Lake Macquarie - TORONTO,,,14 Apr 2016,house,,1435.61
Sold,https://www.realestate.com.au/sold/property-house-nsw-fishing+point-137080110,Fishing Point,NSW,2283,23 Ealing Crescent,"23 Ealing Crescent, Fishing Point, NSW 2283",1230000,"$1,230,000",house,3,2,2,,,1151.0,m²,XFNTOT,Avery Property Professionals  -   ,,,25 Sep 2021,house,,1151.0
Sold,https://www.realestate.com.au/sold/property-house-nsw-fishing+point-135496866,Fishing Point,NSW,2283,36 Sunlight Parade,"36 Sunlight Parade, Fishing Point, NSW 2283",731000,"$731,000",house,3,1,1,,,700.0,m²,XFNTOT,Avery Property Professionals  -   ,,,11 Mar 2021,house,,700.0
Sold,https://www.realestate.com.au/sold/property-house-nsw-fishing+point-135106610,Fishing Point,NSW,2283,23 Carlisle Row,"23 Carlisle Row, Fishing Point, NSW 2283",724000,"$724,000",house,3,1,2,,,809.0,m²,XRWTOR,Ray White - Toronto,,,14 Jan 2021,house,,809.0
Sold,https://www.realestate.com.au/sold/property-house-nsw-fishing+point-133339762,Fishing Point,NSW,2283,1/10 Balmoral Place,"1/10 Balmoral Place, Fishing Point, NSW 2283",450000,"$450,000",house,3,2,2,,,-1.0,,XRWTOR,Ray White - Toronto,,,10 Jul 2020,house,,-1.0
Sold,https://www.realestate.com.au/sold/property-house-nsw-fishing+point-132027042,Fishing Point,NSW,2283,41 Carlisle Row,"41 Carlisle Row, Fishing Point, NSW 2283",565000,"$565,000",house,3,2,2,,,797.0,m²,XFNTOT,Avery Property Professionals  -   ,,,13 Jan 2020,house,,797.0
Sold,https://www.realestate.com.au/sold/property-house-nsw-fishing+point-131776978,Fishing Point,NSW,2283,16 Alkrington Avenue,"16 Alkrington Avenue, Fishing Point, NSW 2283",545000,"$545,000",house,3,1,2,100,m²,556.0,m²,XFNTOT,Avery Property Professionals  -   ,,,21 Oct 2019,house,100,556.0
Sold,https://www.realestate.com.au/sold/property-house-nsw-fishing+point-131037162,Fishing Point,NSW,2283,143 Fishing Point Road,"143 Fishing Point Road, Fishing Point, NSW 2283",1000000,"$1,000,000",house,3,2,2,,,695.0,m²,XFNTOT,Avery Property Professionals  -   ,,,07 Aug 2019,house,,695.0
Sold,https://www.realestate.com.au/sold/property-house-nsw-fishing+point-131139110,Fishing Point,NSW,2283,68 Sunlight Parade,"68 Sunlight Parade, Fishing Point, NSW 2283",765000,"$765,000",house,3,2,2,,,708.0,m²,XLJTOS,LJ Hooker Lake Macquarie - TORONTO,,,02 Aug 2019,house,,708.0
Sold,https://www.realestate.com.au/sold/property-house-nsw-fishing+point-131346134,Fishing Point,NSW,2283,28 Carlisle Row,"28 Carlisle Row, Fishing Point, NSW 2283",410000,"$410,000",house,3,2,1,,,695.0,m²,XRWTOR,Ray White - Toronto,,,25 Jun 2019,house,,695.0
Sold,https://www.realestate.com.au/sold/property-house-nsw-fishing+point-130814330,Fishing Point,NSW,2283,13 Ealing Crescent,"13 Ealing Crescent, Fishing Point, NSW 2283",700000,"$700,000",house,3,2,2,,,1031.0,m²,AREENA,LJ Hooker Lake Macquarie - Wangi Wangi,,,31 May 2019,house,,1031.0
Sold,https://www.realestate.com.au/sold/property-house-nsw-fishing+point-130779374,Fishing Point,NSW,2283,18 Carlisle Row,"18 Carlisle Row, Fishing Point, NSW 2283",445000,"$445,000",house,3,1,1,,,696.0,m²,XLJTOS,LJ Hooker Lake Macquarie - TORONTO,,,07 May 2019,house,,696.0
Sold,https://www.realestate.com.au/sold/property-house-nsw-fishing+point-130410534,Fishing Point,NSW,2283,130 Sealand Road,"130 Sealand Road, Fishing Point, NSW 2283",895000,"$895,000",house,3,2,2,,,720.0,m²,XFNTOT,Avery Property Professionals  -   ,,,27 Feb 2019,house,,720.0
Sold,https://www.realestate.com.au/sold/property-house-nsw-fishing+point-129564250,Fishing Point,NSW,2283,49 Sealand Road,"49 Sealand Road, Fishing Point, NSW 2283",555000,"$555,000",house,3,1,5,,,-1.0,,XRWTOR,Ray White - Toronto,,,27 Feb 2019,house,,-1.0
Sold,https://www.realestate.com.au/sold/property-house-nsw-fishing+point-129643322,Fishing Point,NSW,2283,6 Alkrington Avenue,"6 Alkrington Avenue, Fishing Point, NSW 2283",420000,"$420,000",house,3,1,2,,,-1.0,,XCETON,Century 21 Gallery - Rathmines,,,28 Jan 2019,house,,-1.0
Sold,https://www.realestate.com.au/sold/property-house-nsw-fishing+point-130077106,Fishing Point,NSW,2283,223 Fishing Point Road,"223 Fishing Point Road, Fishing Point, NSW 2283",1000000,"$1,000,000",house,3,2,2,,,1435.61,m²,XLJTOS,LJ Hooker Lake Macquarie - TORONTO,,,23 Jan 2019,house,,1435.61
Sold,https://www.realestate.com.au/sold/property-house-nsw-fishing+point-128918294,Fishing Point,NSW,2283,23 Alkrington Avenue,"23 Alkrington Avenue, Fishing Point, NSW 2283",475000,"$475,000",house,3,2,1,,,-1.0,,XRWTOR,Ray White - Toronto,,,27 Sep 2018,house,,-1.0
Sold,https://www.realestate.com.au/sold/property-house-nsw-fishing+point-127779434,Fishing Point,NSW,2283,34 Alkrington Avenue,"34 Alkrington Avenue, Fishing Point, NSW 2283",620000,"$620,000",house,3,2,2,,,693.0,m²,XFNTOT,Avery Property Professionals  -   ,,,04 Sep 2018,house,,693.0
Sold,https://www.realestate.com.au/sold/property-house-nsw-fishing+point-128354926,Fishing Point,NSW,2283,44 Alkrington Avenue,"44 Alkrington Avenue, Fishing Point, NSW 2283",642500,"$642,500",house,3,2,3,,,695.0,m²,XFNTOT,Avery Property Professionals  -   ,,,16 Jul 2018,house,,695.0
Sold,https://www.realestate.com.au/sold/property-house-nsw-fishing+point-128174202,Fishing Point,NSW,2283,3 Glasgow Street,"3 Glasgow Street, Fishing Point, NSW 2283",467500,"$467,500",house,3,1,1,,,499.5,m²,XFNTOT,Avery Property Professionals  -   ,,,26 May 2018,house,,499.5
Sold,https://www.realestate.com.au/sold/property-house-nsw-fishing+point-127336058,Fishing Point,NSW,2283,63 Sunlight Parade,"63 Sunlight Parade, Fishing Point, NSW 2283",749000,"$749,000",house,3,3,2,,,695.6,m²,AREENA,LJ Hooker Lake Macquarie - Wangi Wangi,,,04 May 2018,house,,695.6
Sold,https://www.realestate.com.au/sold/property-house-nsw-fishing+point-127238042,Fishing Point,NSW,2283,1/10 Balmoral Place,"1/10 Balmoral Place, Fishing Point, NSW 2283",430000,"$430,000",house,3,2,2,,,-1.0,,XRWTOR,Ray White - Toronto,,,13 Feb 2018,house,,-1.0
Sold,https://www.realestate.com.au/sold/property-house-nsw-fishing+point-124747558,Fishing Point,NSW,2283,27 Sunlight Parade,"27 Sunlight Parade, Fishing Point, NSW 2283",625000,"$625,000",house,3,2,2,,,1450.0,m²,XRWTOR,Ray White - Toronto,,,31 Mar 2017,house,,1450.0
Sold,https://www.realestate.com.au/sold/property-house-nsw-fishing+point-124965274,Fishing Point,NSW,2283,28 Alkrington Avenue,"28 Alkrington Avenue, Fishing Point, NSW 2283",430000,"$430,000",house,3,2,2,,,-1.0,,NESBHL,First National Real Estate Lake Macquarie - Edgeworth,,,14 Mar 2017,house,,-1.0
Sold,https://www.realestate.com.au/sold/property-house-nsw-fishing+point-123443294,Fishing Point,NSW,2283,37 Carlisle Row,"37 Carlisle Row, Fishing Point, NSW 2283",510000,"$510,000",house,3,2,2,,,795.0,m²,XFNTOT,Avery Property Professionals  -   ,,,18 Oct 2016,house,,795.0
Sold,https://www.realestate.com.au/sold/property-house-nsw-fishing+point-123548590,Fishing Point,NSW,2283,102 Fishing Point Road,"102 Fishing Point Road, Fishing Point, NSW 2283",585000,"$585,000",house,3,2,3,,,745.0,m²,XFNTOT,Avery Property Professionals  -   ,,,12 Oct 2016,house,,745.0
Sold,https://www.realestate.com.au/sold/property-house-nsw-fishing+point-123432830,Fishing Point,NSW,2283,148 Sealand Road,"148 Sealand Road, Fishing Point, NSW 2283",890000,"$890,000",house,3,1,1,14,m²,822.0,m²,XLJTOS,LJ Hooker Lake Macquarie - TORONTO,,,27 Sep 2016,house,14,822.0
Sold,https://www.realestate.com.au/sold/property-house-nsw-fishing+point-122708086,Fishing Point,NSW,2283,65 Sunlight Parade,"65 Sunlight Parade, Fishing Point, NSW 2283",530000,"$530,000",house,3,2,2,,,676.0,m²,XFNTOT,Avery Property Professionals  -   ,,,12 Jul 2016,house,,676.0
Sold,https://www.realestate.com.au/sold/property-house-nsw-fishing+point-122189662,Fishing Point,NSW,2283,16 Alkrington Avenue,"16 Alkrington Avenue, Fishing Point, NSW 2283",455000,"$455,000",house,3,1,1,,,556.0,m²,XCETON,Century 21 Gallery - Rathmines,,,26 Apr 2016,house,,556.0
Sold,https://www.realestate.com.au/sold/property-house-nsw-fishing+point-120471321,Fishing Point,NSW,2283,142 Fishing Point Road,"142 Fishing Point Road, Fishing Point, NSW 2283",675000,"$675,000",house,3,3,3,,,708.2,m²,XLJTOS,LJ Hooker Lake Macquarie - TORONTO,,,16 Mar 2016,house,,708.2
Sold,https://www.realestate.com.au/sold/property-house-nsw-fishing+point-121483882,Fishing Point,NSW,2283,235 Fishing Point Road,"235 Fishing Point Road, Fishing Point, NSW 2283",710000,"$710,000",house,3,2,1,,,955.0,m²,ZPCAKB,McFarlane Real Estate - Newcastle & Lake Macquarie Regions,,,14 Mar 2016,house,,955.0
Sold,https://www.realestate.com.au/sold/property-house-nsw-fishing+point-121824130,Fishing Point,NSW,2283,3 Sealand Road,"3 Sealand Road, Fishing Point, NSW 2283",513000,"$513,000",house,3,2,2,,,796.7,m²,XLJTOS,LJ Hooker Lake Macquarie - TORONTO,,,11 Mar 2016,house,,796.7
Sold,https://www.realestate.com.au/sold/property-house-nsw-fishing+point-120574725,Fishing Point,NSW,2283,141 Fishing Point Road,"141 Fishing Point Road, Fishing Point, NSW 2283",710000,"$710,000",house,3,2,2,,,720.0,m²,XFNTOT,Avery Property Professionals  -   ,,,15 Jan 2016,house,,720.0
Sold,https://www.realestate.com.au/sold/property-house-nsw-fishing+point-121021094,Fishing Point,NSW,2283,94 Sealand Road,"94 Sealand Road, Fishing Point, NSW 2283",845000,"$845,000",house,3,2,2,,,833.0,m²,PRDNEW,"PRD Presence - Newcastle, Lake Macquarie & Central Coast -     ",,,09 Nov 2015,house,,833.0
Sold,https://www.realestate.com.au/sold/property-house-nsw-fishing+point-120416629,Fishing Point,NSW,2283,70 Alkrington Avenue,"70 Alkrington Avenue, Fishing Point, NSW 2283",465000,"$465,000",house,3,2,2,,,578.0,m²,XLJTOS,LJ Hooker Lake Macquarie - TORONTO,,,26 Sep 2015,house,,578.0
Sold,https://www.realestate.com.au/sold/property-house-nsw-fishing+point-120593929,Fishing Point,NSW,2283,89 Fishing Point Road,"89 Fishing Point Road, Fishing Point, NSW 2283",565000,"$565,000",house,3,2,3,,,676.0,m²,XCETON,Century 21 Gallery - Rathmines,,,25 Sep 2015,house,,676.0
Sold,https://www.realestate.com.au/sold/property-house-nsw-fishing+point-120471297,Fishing Point,NSW,2283,155 Fishing Point Road,"155 Fishing Point Road, Fishing Point, NSW 2283",590000,"$590,000",house,3,1,2,,,1182.0,m²,XLJTOS,LJ Hooker Lake Macquarie - TORONTO,,,10 Sep 2015,house,,1182.0
Sold,https://www.realestate.com.au/sold/property-house-nsw-fishing+point-119990361,Fishing Point,NSW,2283,43 Carlisle Row,"43 Carlisle Row, Fishing Point, NSW 2283",390000,"$390,000",house,3,1,2,160,m²,797.0,m²,XGBTOV,Brand Property - Central Coast,,,10 Aug 2015,house,160,797.0
Sold,https://www.realestate.com.au/sold/property-house-nsw-fishing+point-119275115,Fishing Point,NSW,2283,135 Fishing Point Road,"135 Fishing Point Road, Fishing Point, NSW 2283",960000,"$960,000",house,3,3,3,,,1113.0,m²,XFNTOT,Avery Property Professionals  -   ,,,03 Jun 2015,house,,1113.0
Sold,https://www.realestate.com.au/sold/property-house-nsw-fishing+point-119738391,Fishing Point,NSW,2283,101 Sealand Road,"101 Sealand Road, Fishing Point, NSW 2283",388000,"$388,000",house,3,1,2,,,-1.0,,AREENA,LJ Hooker Lake Macquarie - Wangi Wangi,,,20 May 2015,house,,-1.0
Sold,https://www.realestate.com.au/sold/property-house-nsw-fishing+point-119780287,Fishing Point,NSW,2283,13 Ealing Crescent,"13 Ealing Crescent, Fishing Point, NSW 2283",495000,"$495,000",house,3,2,2,,,1031.0,m²,XLJTOS,LJ Hooker Lake Macquarie - TORONTO,,,04 May 2015,house,,1031.0
Sold,https://www.realestate.com.au/sold/property-house-nsw-fishing+point-118533411,Fishing Point,NSW,2283,60 Sealand Road,"60 Sealand Road, Fishing Point, NSW 2283",1395000,"$1,395,000",house,3,3,4,,,1511.0,m²,XLJTOS,LJ Hooker Lake Macquarie - TORONTO,,,07 Mar 2015,house,,1511.0
Sold,https://www.realestate.com.au/sold/property-house-nsw-fishing+point-118758647,Fishing Point,NSW,2283,96 Fishing Point Road,"96 Fishing Point Road, Fishing Point, NSW 2283",456500,"$456,500",house,3,2,2,,,809.0,m²,XFNTOT,Avery Property Professionals  -   ,,,20 Feb 2015,house,,809.0
Sold,https://www.realestate.com.au/sold/property-house-nsw-fishing+point-119063507,Fishing Point,NSW,2283,34 Alkrington Avenue,"34 Alkrington Avenue, Fishing Point, NSW 2283",490000,"$490,000",house,3,2,2,,,705.9,m²,XLJTOS,LJ Hooker Lake Macquarie - TORONTO,,,17 Feb 2015,house,,705.9
Sold,https://www.realestate.com.au/sold/property-house-nsw-fishing+point-118326055,Fishing Point,NSW,2283,132 Fishing Point Road,"132 Fishing Point Road, Fishing Point, NSW 2283",395000,"$395,000",house,3,1,2,,,862.9,m²,XLJTOS,LJ Hooker Lake Macquarie - TORONTO,,,18 Nov 2014,house,,862.9
Sold,https://www.realestate.com.au/sold/property-house-nsw-fishing+point-117922807,Fishing Point,NSW,2283,15 Carlisle Row,"15 Carlisle Row, Fishing Point, NSW 2283",455000,"$455,000",house,3,1,2,,,695.6,m²,XLJTOS,LJ Hooker Lake Macquarie - TORONTO,,,10 Nov 2014,house,,695.6
Sold,https://www.realestate.com.au/sold/property-house-nsw-fishing+point-115948239,Fishing Point,NSW,2283,2A Fallside Street,"2A Fallside Street, Fishing Point, NSW 2283",365000,"$365,000",house,3,2,2,,,468.0,m²,XFNTOT,Avery Property Professionals  -   ,,,17 Apr 2014,house,,468.0
Sold,https://www.realestate.com.au/sold/property-house-nsw-fishing+point-115135419,Fishing Point,NSW,2283,1 Sealand Road,"1 Sealand Road, Fishing Point, NSW 2283",460000,"$460,000",house,3,2,1,,,392.0,m²,XFNTOT,Avery Property Professionals  -   ,,,28 Jan 2014,house,,392.0
Sold,https://www.realestate.com.au/sold/property-house-nsw-fishing+point-114937883,Fishing Point,NSW,2283,106 Sealand Road,"106 Sealand Road, Fishing Point, NSW 2283",990000,"$990,000",house,3,2,2,,,796.0,m²,XFNTOT,Avery Property Professionals  -   ,,,21 Oct 2013,house,,796.0
Sold,https://www.realestate.com.au/sold/property-house-nsw-fishing+point-113658279,Fishing Point,NSW,2283,138 Fishing Point Road,"138 Fishing Point Road, Fishing Point, NSW 2283",500000,"$500,000",house,3,2,2,,,708.2,m²,XLJTOS,LJ Hooker Lake Macquarie - TORONTO,,,09 Oct 2013,house,,708.2
Sold,https://www.realestate.com.au/sold/property-house-nsw-fishing+point-114158783,Fishing Point,NSW,2283,46 Alkrington Avenue,"46 Alkrington Avenue, Fishing Point, NSW 2283",505000,"$505,000",house,3,2,2,,,729.0,m²,XLJTOS,LJ Hooker Lake Macquarie - TORONTO,,,12 Aug 2013,house,,729.0
Sold,https://www.realestate.com.au/sold/property-house-nsw-fishing+point-114184819,Fishing Point,NSW,2283,65 Sunlight Parade,"65 Sunlight Parade, Fishing Point, NSW 2283",425000,"$425,000",house,3,2,2,,,670.0,m²,XFNTOT,Avery Property Professionals  -   ,,,05 Aug 2013,house,,670.0
Sold,https://www.realestate.com.au/sold/property-house-nsw-fishing+point-110586989,Fishing Point,NSW,2283,61 Sunlight Parade,"61 Sunlight Parade, Fishing Point, NSW 2283",480000,"$480,000",house,3,1,2,,,735.0,m²,PRDNEW,"PRD Presence - Newcastle, Lake Macquarie & Central Coast -     ",,,09 Aug 2012,house,,735.0
Sold,https://www.realestate.com.au/sold/property-house-nsw-fishing+point-107258952,Fishing Point,NSW,2283,,,800000,"$800,000",house,3,1,2,,,1480.0,m²,XLJTOS,LJ Hooker Lake Macquarie - TORONTO,,,18 Oct 2011,house,,1480.0
Sold,https://www.realestate.com.au/sold/property-house-nsw-fishing+point-107312208,Fishing Point,NSW,2283,,,320000,"$320,000",house,3,1,2,,,710.0,m²,XLJTOS,LJ Hooker Lake Macquarie - TORONTO,,,24 Jun 2011,house,,710.0
Sold,https://www.realestate.com.au/sold/property-house-nsw-fishing+point-107258913,Fishing Point,NSW,2283,,,370500,"$370,500",house,3,2,2,,,847.0,m²,XLJTOS,LJ Hooker Lake Macquarie - TORONTO,,,25 Mar 2011,house,,847.0
Sold,https://www.realestate.com.au/sold/property-house-nsw-fishing+point-107248581,Fishing Point,NSW,2283,,,290000,"$290,000",house,3,1,1,,,499.0,m²,XLJTOS,LJ Hooker Lake Macquarie - TORONTO,,,11 Mar 2011,house,,499.0
Sold,https://www.realestate.com.au/sold/property-house-nsw-fishing+point-106509887,Fishing Point,NSW,2283,125 Fishing Point Road,"125 Fishing Point Road, Fishing Point, NSW 2283",975000,"$975,000",house,3,2,2,,,1008.0,m²,ASAYKQ,Belle Property Lake Macquarie - Charlestown,,,25 Aug 2010,house,,1008.0
Sold,https://www.realestate.com.au/sold/property-house-nsw-fishing+point-106673026,Fishing Point,NSW,2283,,,920000,"$920,000",house,3,1,2,,,1511.0,m²,XRWTOR,Ray White - Toronto,,,17 Aug 2010,house,,1511.0
Sold,https://www.realestate.com.au/sold/property-house-nsw-fishing+point-106383603,Fishing Point,NSW,2283,,,400000,"$400,000",house,3,2,2,,,948.0,m²,XLJTOS,LJ Hooker Lake Macquarie - TORONTO,,,29 Mar 2010,house,,948.0
Sold,https://www.realestate.com.au/sold/property-house-nsw-fishing+point-105608017,Fishing Point,NSW,2283,178 Fishing Point Road,"178 Fishing Point Road, Fishing Point, NSW 2283",387000,"$387,000",house,3,2,1,,,-1.0,,XLJTOS,LJ Hooker Lake Macquarie - TORONTO,,,08 Apr 2009,house,,-1.0
Sold,https://www.realestate.com.au/sold/property-house-nsw-fishing+point-105375057,Fishing Point,NSW,2283,,,440000,"$440,000",house,3,2,2,,,-1.0,,XLJTOS,LJ Hooker Lake Macquarie - TORONTO,,,09 Jan 2009,house,,-1.0
Sold,https://www.realestate.com.au/sold/property-house-nsw-fishing+point-105204102,Fishing Point,NSW,2283,,,326000,"$326,000",house,3,1,2,,,871.0,m²,XLJTOS,LJ Hooker Lake Macquarie - TORONTO,,,24 Nov 2008,house,,871.0
Sold,https://www.realestate.com.au/sold/property-house-nsw-fishing+point-140615259,Fishing Point,NSW,2283,43 Carlisle Row,"43 Carlisle Row, Fishing Point, NSW 2283",725100,"$725,100",house,3,1,2,,,796.6,m²,BCXZAL,Street Property Group - Newcastle Region,,,07 Nov 2022,house,,796.6
Sold,https://www.realestate.com.au/sold/property-house-nsw-fishing+point-139173195,Fishing Point,NSW,2283,33 Sealand Road,"33 Sealand Road, Fishing Point, NSW 2283",1080000,"$1,080,000",house,3,2,5,,,986.0,m²,,,,,26 Aug 2022,house,,986.0
Sold,https://www.realestate.com.au/sold/property-house-nsw-fishing+point-137268322,Fishing Point,NSW,2283,68 Sunlight Parade,"68 Sunlight Parade, Fishing Point, NSW 2283",1185000,"$1,185,000",house,3,2,2,,,700.0,m²,XRWTOR,Ray White - Toronto,,,08 Oct 2021,house,,700.0
Sold,https://www.realestate.com.au/sold/property-house-nsw-fishing+point-134314274,Fishing Point,NSW,2283,183 Fishing Point Road,"183 Fishing Point Road, Fishing Point, NSW 2283",,Contact agent,house,3,2,2,,,-1.0,,MWXJCK,buymyplace,,,27 Oct 2020,house,,-1.0
Sold,https://www.realestate.com.au/sold/property-house-nsw-fishing+point-132854490,Fishing Point,NSW,2283,3 Glasgow Street,"3 Glasgow Street, Fishing Point, NSW 2283",510000,"$510,000",house,3,1,1,,,500.0,m²,,,,,19 Mar 2020,house,,500.0
Sold,https://www.realestate.com.au/sold/property-house-nsw-fishing+point-132312946,Fishing Point,NSW,2283,5 Glasgow Street,"5 Glasgow Street, Fishing Point, NSW 2283",567000,"$567,000",house,3,1,2,,,670.0,m²,MWXJCK,buymyplace,,,06 Dec 2019,house,,670.0
Sold,https://www.realestate.com.au/sold/property-house-nsw-fishing+point-124296554,Fishing Point,NSW,2283,66 Sunlight Pde.,"66 Sunlight Pde., Fishing Point, NSW 2283",615000,"$615,000",house,3,2,3,,,708.0,m²,OPLYHL,Macquarie Realtors - TORONTO,,,20 Jan 2017,house,,708.0
Sold,https://www.realestate.com.au/sold/property-house-nsw-fishing+point-124312942,Fishing Point,NSW,2283,68 Alkrington Avenue,"68 Alkrington Avenue, Fishing Point, NSW 2283",581000,"$581,000",house,3,2,3,,,574.6,m²,XLJTOS,LJ Hooker Lake Macquarie - TORONTO,,,04 Jan 2017,house,,574.6
Sold,https://www.realestate.com.au/sold/property-house-nsw-fishing+point-122240662,Fishing Point,NSW,2283,44 Sealand Road,"44 Sealand Road, Fishing Point, NSW 2283",800000,"$800,000",house,3,1,4,,,613.4,m²,NTWOYA,Love Realty - Newcastle/ Lake Macquarie,,,24 Mar 2016,house,,613.4
Sold,https://www.realestate.com.au/sold/property-house-nsw-fishing+point-117889759,Fishing Point,NSW,2283,,,650000,"$650,000",house,3,2,5,,,934.0,m²,XRWTOR,Ray White - Toronto,,,17 Sep 2014,house,,934.0
Sold,https://www.realestate.com.au/sold/property-house-nsw-fishing+point-115929135,Fishing Point,NSW,2283,,,520000,"$520,000",house,3,2,2,,,-1.0,,XRWTOR,Ray White - Toronto,,,18 Feb 2014,house,,-1.0
Sold,https://www.realestate.com.au/sold/property-house-nsw-fishing+point-114241807,Fishing Point,NSW,2283,11 Ealing Crescent,"11 Ealing Crescent, Fishing Point, NSW 2283",380000,"$380,000",house,3,2,2,,,923.0,m²,XFNTOT,Avery Property Professionals  -   ,,,03 Sep 2013,house,,923.0
Sold,https://www.realestate.com.au/sold/property-house-nsw-fishing+point-112267843,Fishing Point,NSW,2283,,,380000,"$380,000",house,3,1,2,,,703.0,m²,NESBHL,First National Real Estate Lake Macquarie - Edgeworth,,,06 Mar 2013,house,,703.0
Sold,https://www.realestate.com.au/sold/property-house-nsw-fishing+point-111494311,Fishing Point,NSW,2283,,,490000,"$490,000",house,3,2,2,,,2314.0,m²,NESBHL,First National Real Estate Lake Macquarie - Edgeworth,,,20 Nov 2012,house,,2314.0
Sold,https://www.realestate.com.au/sold/property-house-nsw-fishing+point-107493663,Fishing Point,NSW,2283,,,375000,"$375,000",house,3,2,2,,,1285.0,m²,XRWTOR,Ray White - Toronto,,,19 Dec 2011,house,,1285.0
Sold,https://www.realestate.com.au/sold/property-house-nsw-fishing+point-107502748,Fishing Point,NSW,2283,,,,Contact agent,house,3,1,2,,,-1.0,,XRWTOR,Ray White - Toronto,,,01 Dec 2011,house,,-1.0
Sold,https://www.realestate.com.au/sold/property-house-nsw-fishing+point-107490301,Fishing Point,NSW,2283,52 Fishing Point Road,"52 Fishing Point Road, Fishing Point, NSW 2283",444500,"$444,500",house,3,2,1,,,632.0,m²,XFNTOT,Avery Property Professionals  -   ,,,19 Aug 2011,house,,632.0
Sold,https://www.realestate.com.au/sold/property-house-nsw-fishing+point-106984382,Fishing Point,NSW,2283,,,820000,"$820,000",house,3,2,2,,,651.0,m²,XRWTOR,Ray White - Toronto,,,18 Feb 2011,house,,651.0
Sold,https://www.realestate.com.au/sold/property-house-nsw-fishing+point-106828363,Fishing Point,NSW,2283,19 Ealing Crescent,"19 Ealing Crescent, Fishing Point, NSW 2283",570000,"$570,000",house,3,3,2,,,1315.0,m²,XLJTOS,LJ Hooker Lake Macquarie - TORONTO,,,22 Oct 2010,house,,1315.0
Sold,https://www.realestate.com.au/sold/property-house-nsw-fishing+point-106825740,Fishing Point,NSW,2283,17 Sealand Road,"17 Sealand Road, Fishing Point, NSW 2283",280000,"$280,000",house,3,1,1,,,765.1,m²,XLJTOS,LJ Hooker Lake Macquarie - TORONTO,,,18 Oct 2010,house,,765.1
Sold,https://www.realestate.com.au/sold/property-house-nsw-fishing+point-106232287,Fishing Point,NSW,2283,62 Sunlight PARADE,"62 Sunlight PARADE, Fishing Point, NSW 2283",,Contact agent,house,3,1,1,,,-1.0,,XFNTOT,Avery Property Professionals  -   ,,,11 Mar 2010,house,,-1.0
Sold,https://www.realestate.com.au/sold/property-house-nsw-fishing+point-106009219,Fishing Point,NSW,2283,,,355000,"$355,000",house,3,2,2,,,721.0,m²,XLJTOS,LJ Hooker Lake Macquarie - TORONTO,,,24 Nov 2009,house,,721.0
Sold,https://www.realestate.com.au/sold/property-house-nsw-fishing+point-105982703,Fishing Point,NSW,2283,102 Fishing Point Road,"102 Fishing Point Road, Fishing Point, NSW 2283",380000,"$380,000",house,3,1,3,,,746.0,m²,XFNTOT,Avery Property Professionals  -   ,,,14 Oct 2009,house,,746.0
Sold,https://www.realestate.com.au/sold/property-house-nsw-fishing+point-105956192,Fishing Point,NSW,2283,84 Fishing Point Road,"84 Fishing Point Road, Fishing Point, NSW 2283",425000,"$425,000",house,3,2,2,,,1352.0,m²,XRWTOR,Ray White - Toronto,,,28 Sep 2009,house,,1352.0
Sold,https://www.realestate.com.au/sold/property-house-nsw-fishing+point-105676324,Fishing Point,NSW,2283,52 Fishing Point Road,"52 Fishing Point Road, Fishing Point, NSW 2283",425000,"$425,000",house,3,2,2,,,-1.0,,XFNTOT,Avery Property Professionals  -   ,,,27 Apr 2009,house,,-1.0
Sold,https://www.realestate.com.au/sold/property-house-nsw-fishing+point-104947907,Fishing Point,NSW,2283,,,275000,"$275,000",house,3,1,3,,,795.0,m²,XCETON,Century 21 Gallery - Rathmines,,,24 Apr 2009,house,,795.0
Sold,https://www.realestate.com.au/sold/property-house-nsw-fishing+point-105151564,Fishing Point,NSW,2283,41 Alkrington Ave,"41 Alkrington Ave, Fishing Point, NSW 2283",402000,"$402,000",house,3,2,2,,,696.0,m²,XRWTOR,Ray White - Toronto,,,20 Jan 2009,house,,696.0
Sold,https://www.realestate.com.au/sold/property-house-nsw-fishing+point-125309038,Fishing Point,NSW,2283,75 Sealand Road,"75 Sealand Road, Fishing Point, NSW 2283",,Contact agent,house,3,2,2,,,-1.0,,XFNTOT,Avery Property Professionals  -   ,,,,house,,-1.0
Sold,https://www.realestate.com.au/sold/property-house-nsw-fishing+point-141080064,Fishing Point,NSW,2283,150 Fishing Point Road,"150 Fishing Point Road, Fishing Point, NSW 2283",1119000,"$1,119,000",house,4,3,3,,,682.9,m²,XRWTOR,Ray White - Toronto,,,23 Feb 2023,house,,682.9
Sold,https://www.realestate.com.au/sold/property-house-nsw-fishing+point-140048019,Fishing Point,NSW,2283,8 Alkrington Avenue,"8 Alkrington Avenue, Fishing Point, NSW 2283",760000,"$760,000",house,4,2,2,,,-1.0,,CVOCXN,dotcom Property Sales  - Central Coast,,,16 Dec 2022,house,,-1.0
Sold,https://www.realestate.com.au/sold/property-house-nsw-fishing+point-140166783,Fishing Point,NSW,2283,124 Sealand Road,"124 Sealand Road, Fishing Point, NSW 2283",2400000,"$2,400,000",house,4,4,3,,,784.1,m²,XLJTOS,LJ Hooker Lake Macquarie - TORONTO,,,15 Sep 2022,house,,784.1
Sold,https://www.realestate.com.au/sold/property-house-nsw-fishing+point-138975667,Fishing Point,NSW,2283,73 Sealand Road,"73 Sealand Road, Fishing Point, NSW 2283",1435000,"$1,435,000",house,4,2,2,,,700.0,m²,XFNTOT,Avery Property Professionals  -   ,,,19 Apr 2022,house,,700.0
Sold,https://www.realestate.com.au/sold/property-house-nsw-fishing+point-138562367,Fishing Point,NSW,2283,47 Alkrington Avenue,"47 Alkrington Avenue, Fishing Point, NSW 2283",1090000,"$1,090,000",house,4,2,5,,,1151.0,m²,XLJTOS,LJ Hooker Lake Macquarie - TORONTO,,,14 Mar 2022,house,,1151.0
Sold,https://www.realestate.com.au/sold/property-house-nsw-fishing+point-138259262,Fishing Point,NSW,2283,104 Fishing Point Road,"104 Fishing Point Road, Fishing Point, NSW 2283",1100000,"$1,100,000",house,4,2,2,,,-1.0,,TLAEKB,Stone Real Estate - Newcastle,,,20 Jan 2022,house,,-1.0
Sold,https://www.realestate.com.au/sold/property-house-nsw-fishing+point-137975338,Fishing Point,NSW,2283,4 Fallside Street,"4 Fallside Street, Fishing Point, NSW 2283",1175000,"$1,175,000",house,4,3,2,,,3500.0,m²,XCETON,Century 21 Gallery - Rathmines,,,10 Jan 2022,house,,3500.0
Sold,https://www.realestate.com.au/sold/property-house-nsw-fishing+point-137306454,Fishing Point,NSW,2283,25 Alkrington Avenue,"25 Alkrington Avenue, Fishing Point, NSW 2283",900100,"$900,100",house,4,2,3,,,695.6,m²,XLJTOS,LJ Hooker Lake Macquarie - TORONTO,,,07 Oct 2021,house,,695.6
Sold,https://www.realestate.com.au/sold/property-house-nsw-fishing+point-136493514,Fishing Point,NSW,2283,16 Carlisle Row,"16 Carlisle Row, Fishing Point, NSW 2283",757000,"$757,000",house,4,2,2,,,635.0,m²,XRWTOR,Ray White - Toronto,,,24 Jun 2021,house,,635.0
Sold,https://www.realestate.com.au/sold/property-house-nsw-fishing+point-136344654,Fishing Point,NSW,2283,166 Fishing Point Road,"166 Fishing Point Road, Fishing Point, NSW 2283",725000,"$725,000",house,4,2,2,,,657.0,m²,XRWTOR,Ray White - Toronto,,,24 Jun 2021,house,,657.0
Sold,https://www.realestate.com.au/sold/property-house-nsw-fishing+point-136450134,Fishing Point,NSW,2283,60 Sunlight Parade,"60 Sunlight Parade, Fishing Point, NSW 2283",930000,"$930,000",house,4,2,2,,,700.0,m²,XRWTOR,Ray White - Toronto,,,15 Jun 2021,house,,700.0
Sold,https://www.realestate.com.au/sold/property-house-nsw-fishing+point-134310574,Fishing Point,NSW,2283,30 Sealand Road,"30 Sealand Road, Fishing Point, NSW 2283",1575000,"$1,575,000",house,4,3,2,,,567.6,m²,VZUYFE,First National Real Estate - Toronto,,,13 Nov 2020,house,,567.6
Sold,https://www.realestate.com.au/sold/property-house-nsw-fishing+point-134220214,Fishing Point,NSW,2283,66 Fishing Point Road,"66 Fishing Point Road, Fishing Point, NSW 2283",742000,"$742,000",house,4,2,2,,,847.0,m²,VZUYFE,First National Real Estate - Toronto,,,09 Oct 2020,house,,847.0
Sold,https://www.realestate.com.au/sold/property-house-nsw-fishing+point-133356550,Fishing Point,NSW,2283,50 Fishing Point Road,"50 Fishing Point Road, Fishing Point, NSW 2283",695000,"$695,000",house,4,2,2,,,616.0,m²,VZUYFE,First National Real Estate - Toronto,,,26 Jun 2020,house,,616.0
Sold,https://www.realestate.com.au/sold/property-house-nsw-fishing+point-133124422,Fishing Point,NSW,2283,146 Fishing Point Road,"146 Fishing Point Road, Fishing Point, NSW 2283",950000,"$950,000",house,4,2,2,,,695.6,m²,TLAEKB,Stone Real Estate - Newcastle,,,13 Mar 2020,house,,695.6
Sold,https://www.realestate.com.au/sold/property-house-nsw-fishing+point-132583714,Fishing Point,NSW,2283,32 Carlisle Row,"32 Carlisle Row, Fishing Point, NSW 2283",608000,"$608,000",house,4,2,2,,,696.0,m²,XLJTOS,LJ Hooker Lake Macquarie - TORONTO,,,06 Jan 2020,house,,696.0
Sold,https://www.realestate.com.au/sold/property-house-nsw-fishing+point-130372046,Fishing Point,NSW,2283,81 Sunlight Parade,"81 Sunlight Parade, Fishing Point, NSW 2283",980000,"$980,000",house,4,3,2,,,1043.0,m²,YDNNTE,Raine & Horne  -  Wyong,,,12 Apr 2019,house,,1043.0
Sold,https://www.realestate.com.au/sold/property-house-nsw-fishing+point-130098210,Fishing Point,NSW,2283,71 Sunlight Parade,"71 Sunlight Parade, Fishing Point, NSW 2283",885000,"$885,000",house,4,2,2,,,683.0,m²,VZUYFE,First National Real Estate - Toronto,,,19 Mar 2019,house,,683.0
Sold,https://www.realestate.com.au/sold/property-house-nsw-fishing+point-129250990,Fishing Point,NSW,2283,10 Alkrington Avenue,"10 Alkrington Avenue, Fishing Point, NSW 2283",585000,"$585,000",house,4,1,3,,,739.0,m²,JSUAAV,"Altitude Real Estate - Newcastle, Lake Macquarie & Hunter Valley",,,11 Oct 2018,house,,739.0
Sold,https://www.realestate.com.au/sold/property-house-nsw-fishing+point-126670766,Fishing Point,NSW,2283,17 Alkrington Avenue,"17 Alkrington Avenue, Fishing Point, NSW 2283",585000,"$585,000",house,4,2,1,,,696.0,m²,VZUYFE,First National Real Estate - Toronto,,,30 Nov 2017,house,,696.0
Sold,https://www.realestate.com.au/sold/property-house-nsw-fishing+point-124959810,Fishing Point,NSW,2283,134 Fishing Point Road,"134 Fishing Point Road, Fishing Point, NSW 2283",700000,"$700,000",house,4,3,2,,,616.0,m²,VZUYFE,First National Real Estate - Toronto,,,06 Oct 2017,house,,616.0
Sold,https://www.realestate.com.au/sold/property-house-nsw-fishing+point-123953098,Fishing Point,NSW,2283,158 Sealand Road,"158 Sealand Road, Fishing Point, NSW 2283",1650000,"$1,650,000",house,4,3,5,,,1195.0,m²,XLJTOS,LJ Hooker Lake Macquarie - TORONTO,,,17 Mar 2017,house,,1195.0
Sold,https://www.realestate.com.au/sold/property-house-nsw-fishing+point-124458058,Fishing Point,NSW,2283,98 Sealand Road,"98 Sealand Road, Fishing Point, NSW 2283",815000,"$815,000",house,4,2,1,,,594.4,m²,XLJTOS,LJ Hooker Lake Macquarie - TORONTO,,,02 Feb 2017,house,,594.4
Sold,https://www.realestate.com.au/sold/property-house-nsw-fishing+point-123126566,Fishing Point,NSW,2283,148 Fishing Point Road,"148 Fishing Point Road, Fishing Point, NSW 2283",750000,"$750,000",house,4,2,3,,,696.0,m²,VZUYFE,First National Real Estate - Toronto,,,21 Sep 2016,house,,696.0
Sold,https://www.realestate.com.au/sold/property-house-nsw-fishing+point-121605914,Fishing Point,NSW,2283,195 Fishing Point Road,"195 Fishing Point Road, Fishing Point, NSW 2283",1012000,"$1,012,000",house,4,2,3,,,1081.0,m²,XLJTOS,LJ Hooker Lake Macquarie - TORONTO,,,14 Apr 2016,house,,1081.0
Sold,https://www.realestate.com.au/sold/property-house-nsw-fishing+point-140571859,Fishing Point,NSW,2283,23 Sealand Road,"23 Sealand Road, Fishing Point, NSW 2283",1100000,"$1,100,000",house,4,1,4,,,629.0,m²,GLRVAL,Global Property,,,18 Oct 2022,house,,629.0
Sold,https://www.realestate.com.au/sold/property-house-nsw-fishing+point-138548335,Fishing Point,NSW,2283,45 Alkrington Avenue,"45 Alkrington Avenue, Fishing Point, NSW 2283",980000,"$980,000",house,4,2,6,,,2314.0,m²,JSUAAV,"Altitude Real Estate - Newcastle, Lake Macquarie & Hunter Valley",,,07 Mar 2022,house,,2314.0
Sold,https://www.realestate.com.au/sold/property-house-nsw-fishing+point-137660722,Fishing Point,NSW,2283,27 Alkrington Avenue,"27 Alkrington Avenue, Fishing Point, NSW 2283",1175000,"$1,175,000",house,4,3,2,,,696.0,m²,XFNTOT,Avery Property Professionals  -   ,,,22 Nov 2021,house,,696.0
Sold,https://www.realestate.com.au/sold/property-house-nsw-fishing+point-137736890,Fishing Point,NSW,2283,11 Ealing Crescent,"11 Ealing Crescent, Fishing Point, NSW 2283",1250000,"$1,250,000",house,4,2,2,,,923.0,m²,XFNTOT,Avery Property Professionals  -   ,,,08 Nov 2021,house,,923.0
Sold,https://www.realestate.com.au/sold/property-house-nsw-fishing+point-136028002,Fishing Point,NSW,2283,27 Carlisle Row,"27 Carlisle Row, Fishing Point, NSW 2283",845000,"$845,000",house,4,2,2,,,-1.0,,XGBTOV,Brand Property - Central Coast,,,15 Apr 2021,house,,-1.0
Sold,https://www.realestate.com.au/sold/property-house-nsw-fishing+point-135282602,Fishing Point,NSW,2283,13 Alkrington Avenue,"13 Alkrington Avenue, Fishing Point, NSW 2283",770000,"$770,000",house,4,3,3,,,696.0,m²,XFNTOT,Avery Property Professionals  -   ,,,10 Feb 2021,house,,696.0
Sold,https://www.realestate.com.au/sold/property-house-nsw-fishing+point-134973182,Fishing Point,NSW,2283,139 Fishing Point Road,"139 Fishing Point Road, Fishing Point, NSW 2283",2000000,"$2,000,000",house,4,3,2,,,1400.0,m²,XFNTOT,Avery Property Professionals  -   ,,,09 Feb 2021,house,,1400.0
Sold,https://www.realestate.com.au/sold/property-house-nsw-fishing+point-135242658,Fishing Point,NSW,2283,7 Ealing Crescent,"7 Ealing Crescent, Fishing Point, NSW 2283",770000,"$770,000",house,4,2,1,,,752.0,m²,XFNTOT,Avery Property Professionals  -   ,,,08 Feb 2021,house,,752.0
Sold,https://www.realestate.com.au/sold/property-house-nsw-fishing+point-134514362,Fishing Point,NSW,2283,219 Fishing Point Road,"219 Fishing Point Road, Fishing Point, NSW 2283",1050000,"$1,050,000",house,4,2,2,,,1400.0,m²,XRWTOR,Ray White - Toronto,,,19 Oct 2020,house,,1400.0
Sold,https://www.realestate.com.au/sold/property-house-nsw-fishing+point-133116418,Fishing Point,NSW,2283,99 Sealand Road,"99 Sealand Road, Fishing Point, NSW 2283",612000,"$612,000",house,4,2,1,,,683.0,m²,XCEEDG,Century 21 Aaron Walter - Edgeworth,,,17 Mar 2020,house,,683.0
Sold,https://www.realestate.com.au/sold/property-house-nsw-fishing+point-130825082,Fishing Point,NSW,2283,99 Fishing Point Road,"99 Fishing Point Road, Fishing Point, NSW 2283",1100000,"$1,100,000",house,4,2,2,,,968.0,m²,XRWTOR,Ray White - Toronto,,,03 Sep 2019,house,,968.0
Sold,https://www.realestate.com.au/sold/property-house-nsw-fishing+point-128596318,Fishing Point,NSW,2283,153 Fishing Point Road,"153 Fishing Point Road, Fishing Point, NSW 2283",1150000,"$1,150,000",house,4,3,5,,,1132.0,m²,XRWTOR,Ray White - Toronto,,,16 Jul 2019,house,,1132.0
Sold,https://www.realestate.com.au/sold/property-house-nsw-fishing+point-131305202,Fishing Point,NSW,2283,24 Carlisle Row,"24 Carlisle Row, Fishing Point, NSW 2283",545000,"$545,000",house,4,2,2,,,695.0,m²,XFNTOT,Avery Property Professionals  -   ,,,25 Jun 2019,house,,695.0
Sold,https://www.realestate.com.au/sold/property-house-nsw-fishing+point-130021426,Fishing Point,NSW,2283,150 Fishing Point Road,"150 Fishing Point Road, Fishing Point, NSW 2283",760000,"$760,000",house,4,3,3,,,683.0,m²,XLJTOS,LJ Hooker Lake Macquarie - TORONTO,,,22 Feb 2019,house,,683.0
Sold,https://www.realestate.com.au/sold/property-house-nsw-fishing+point-129539510,Fishing Point,NSW,2283,245 Fishing Point Road,"245 Fishing Point Road, Fishing Point, NSW 2283",1200000,"$1,200,000",house,4,4,2,,,-1.0,,IOHFCS,Dotcom Property Sales - NSW,,,04 Feb 2019,house,,-1.0
Sold,https://www.realestate.com.au/sold/property-house-nsw-fishing+point-130033874,Fishing Point,NSW,2283,91 Sealand Road,"91 Sealand Road, Fishing Point, NSW 2283",665000,"$665,000",house,4,2,6,,,556.0,m²,XCETON,Century 21 Gallery - Rathmines,,,29 Jan 2019,house,,556.0
Sold,https://www.realestate.com.au/sold/property-house-nsw-fishing+point-129471742,Fishing Point,NSW,2283,72 Fishing Point Road,"72 Fishing Point Road, Fishing Point, NSW 2283",1006000,"$1,006,000",house,4,3,2,,,1537.0,m²,XLJTOS,LJ Hooker Lake Macquarie - TORONTO,,,14 Dec 2018,house,,1537.0
Sold,https://www.realestate.com.au/sold/property-house-nsw-fishing+point-129115226,Fishing Point,NSW,2283,1 Letchworth Parade,"1 Letchworth Parade, Fishing Point, NSW 2283",558000,"$558,000",house,4,2,3,,,525.0,m²,XRWTOR,Ray White - Toronto,,,04 Dec 2018,house,,525.0
Sold,https://www.realestate.com.au/sold/property-house-nsw-fishing+point-128881426,Fishing Point,NSW,2283,59 Alkrington Avenue,"59 Alkrington Avenue, Fishing Point, NSW 2283",797000,"$797,000",house,4,2,4,,,897.0,m²,XRWTOR,Ray White - Toronto,,,10 Aug 2018,house,,897.0
Sold,https://www.realestate.com.au/sold/property-house-nsw-fishing+point-128147390,Fishing Point,NSW,2283,42 Sunlight Parade,"42 Sunlight Parade, Fishing Point, NSW 2283",610000,"$610,000",house,4,3,2,,,777.0,m²,XLJTOS,LJ Hooker Lake Macquarie - TORONTO,,,08 Aug 2018,house,,777.0
Sold,https://www.realestate.com.au/sold/property-house-nsw-fishing+point-128019282,Fishing Point,NSW,2283,118 Fishing Point Road,"118 Fishing Point Road, Fishing Point, NSW 2283",575000,"$575,000",house,4,2,2,,,683.0,m²,XRWTOR,Ray White - Toronto,,,28 May 2018,house,,683.0
Sold,https://www.realestate.com.au/sold/property-house-nsw-fishing+point-127958826,Fishing Point,NSW,2283,82 Sealand Road,"82 Sealand Road, Fishing Point, NSW 2283",1025000,"$1,025,000",house,4,2,2,,,804.0,m²,XLJTOS,LJ Hooker Lake Macquarie - TORONTO,,,26 Apr 2018,house,,804.0
Sold,https://www.realestate.com.au/sold/property-house-nsw-fishing+point-127303706,Fishing Point,NSW,2283,168 Fishing Point Road,"168 Fishing Point Road, Fishing Point, NSW 2283",835000,"$835,000",house,4,2,2,,,-1.0,,XLJTOS,LJ Hooker Lake Macquarie - TORONTO,,,02 Mar 2018,house,,-1.0
Sold,https://www.realestate.com.au/sold/property-house-nsw-fishing+point-127014502,Fishing Point,NSW,2283,29 Sunlight Parade,"29 Sunlight Parade, Fishing Point, NSW 2283",785000,"$785,000",house,4,2,3,,,1113.0,m²,XFNTOT,Avery Property Professionals  -   ,,,15 Dec 2017,house,,1113.0
Sold,https://www.realestate.com.au/sold/property-house-nsw-fishing+point-126580878,Fishing Point,NSW,2283,39 Alkrington Avenue,"39 Alkrington Avenue, Fishing Point, NSW 2283",700000,"$700,000",house,4,3,2,,,696.0,m²,JSUAAV,"Altitude Real Estate - Newcastle, Lake Macquarie & Hunter Valley",,,08 Dec 2017,house,,696.0
Sold,https://www.realestate.com.au/sold/property-house-nsw-fishing+point-126729250,Fishing Point,NSW,2283,187 Fishing Point Road,"187 Fishing Point Road, Fishing Point, NSW 2283",1450000,"$1,450,000",house,4,2,4,,,1200.0,m²,XLJTOS,LJ Hooker Lake Macquarie - TORONTO,,,06 Dec 2017,house,,1200.0
Sold,https://www.realestate.com.au/sold/property-house-nsw-fishing+point-126089530,Fishing Point,NSW,2283,149 Fishing Point Road,"149 Fishing Point Road, Fishing Point, NSW 2283",1000000,"$1,000,000",house,4,2,1,,,790.4,m²,XLJTOS,LJ Hooker Lake Macquarie - TORONTO,,,20 Oct 2017,house,,790.4
Sold,https://www.realestate.com.au/sold/property-house-nsw-fishing+point-125625338,Fishing Point,NSW,2283,28 Sunlight Parade,"28 Sunlight Parade, Fishing Point, NSW 2283",644000,"$644,000",house,4,2,4,,,976.0,m²,XRWTOR,Ray White - Toronto,,,12 Jul 2017,house,,976.0
Sold,https://www.realestate.com.au/sold/property-house-nsw-fishing+point-123950838,Fishing Point,NSW,2283,166 Fishing Point Road,"166 Fishing Point Road, Fishing Point, NSW 2283",505000,"$505,000",house,4,2,2,,,657.6,m²,AREENA,LJ Hooker Lake Macquarie - Wangi Wangi,,,14 Dec 2016,house,,657.6
Sold,https://www.realestate.com.au/sold/property-house-nsw-fishing+point-121516810,Fishing Point,NSW,2283,138 Sealand Road,"138 Sealand Road, Fishing Point, NSW 2283",1650000,"$1,650,000",house,4,3,2,,,695.6,m²,XLJTOS,LJ Hooker Lake Macquarie - TORONTO,,,08 Aug 2016,house,,695.6
Sold,https://www.realestate.com.au/sold/property-house-nsw-fishing+point-121402582,Fishing Point,NSW,2283,75 Alkrington Avenue,"75 Alkrington Avenue, Fishing Point, NSW 2283",560000,"$560,000",house,4,3,3,,,738.6,m²,XLJTOS,LJ Hooker Lake Macquarie - TORONTO,,,01 Apr 2016,house,,738.6
Sold,https://www.realestate.com.au/sold/property-house-nsw-fishing+point-120995614,Fishing Point,NSW,2283,136 Fishing Point Road,"136 Fishing Point Road, Fishing Point, NSW 2283",800000,"$800,000",house,4,3,4,,,930.0,m²,XCETON,Century 21 Gallery - Rathmines,,,04 Feb 2016,house,,930.0
Sold,https://www.realestate.com.au/sold/property-house-nsw-fishing+point-121723442,Fishing Point,NSW,2283,70 Sunlight Parade,"70 Sunlight Parade, Fishing Point, NSW 2283",655000,"$655,000",house,4,2,2,,,718.7,m²,XLJTOS,LJ Hooker Lake Macquarie - TORONTO,,,29 Jan 2016,house,,718.7
Sold,https://www.realestate.com.au/sold/property-house-nsw-fishing+point-120921701,Fishing Point,NSW,2283,211 Fishing Point Road,"211 Fishing Point Road, Fishing Point, NSW 2283",1710000,"$1,710,000",house,4,2,6,,,1954.0,m²,XRWTOR,Ray White - Toronto,,,06 Nov 2015,house,,1954.0
Sold,https://www.realestate.com.au/sold/property-house-nsw-fishing+point-118426087,Fishing Point,NSW,2283,162 Fishing Point Road,"162 Fishing Point Road, Fishing Point, NSW 2283",802000,"$802,000",house,4,3,5,,,4178.0,m²,XLJTOS,LJ Hooker Lake Macquarie - TORONTO,,,01 Oct 2015,house,,4178.0
Sold,https://www.realestate.com.au/sold/property-house-nsw-fishing+point-120569497,Fishing Point,NSW,2283,149 Fishing Point Road,"149 Fishing Point Road, Fishing Point, NSW 2283",840000,"$840,000",house,4,3,1,,,790.4,m²,XLJTOS,LJ Hooker Lake Macquarie - TORONTO,,,30 Sep 2015,house,,790.4
Sold,https://www.realestate.com.au/sold/property-house-nsw-fishing+point-120183389,Fishing Point,NSW,2283,42 Alkrington Avenue,"42 Alkrington Avenue, Fishing Point, NSW 2283",560000,"$560,000",house,4,2,5,,,721.0,m²,XCETON,Century 21 Gallery - Rathmines,,,23 Jul 2015,house,,721.0
Sold,https://www.realestate.com.au/sold/property-house-nsw-fishing+point-118304863,Fishing Point,NSW,2283,8 Alkrington Avenue,"8 Alkrington Avenue, Fishing Point, NSW 2283",415000,"$415,000",house,4,2,2,,,701.9,m²,XLJTOS,LJ Hooker Lake Macquarie - TORONTO,,,18 May 2015,house,,701.9
Sold,https://www.realestate.com.au/sold/property-house-nsw-fishing+point-119565839,Fishing Point,NSW,2283,32 Carlisle Row,"32 Carlisle Row, Fishing Point, NSW 2283",427400,"$427,400",house,4,2,2,,,701.9,m²,XLJTOS,LJ Hooker Lake Macquarie - TORONTO,,,12 May 2015,house,,701.9
Sold,https://www.realestate.com.au/sold/property-house-nsw-fishing+point-118211079,Fishing Point,NSW,2283,66 Alkrington Avenue,"66 Alkrington Avenue, Fishing Point, NSW 2283",500000,"$500,000",house,4,2,2,,,-1.0,,XFNTOT,Avery Property Professionals  -   ,,,24 Apr 2015,house,,-1.0
Sold,https://www.realestate.com.au/sold/property-house-nsw-fishing+point-119191727,Fishing Point,NSW,2283,21 Sunlight Parade,"21 Sunlight Parade, Fishing Point, NSW 2283",420000,"$420,000",house,4,2,1,,,806.0,m²,XFNTOT,Avery Property Professionals  -   ,,,20 Mar 2015,house,,806.0
Sold,https://www.realestate.com.au/sold/property-house-nsw-fishing+point-118710247,Fishing Point,NSW,2283,71 Sunlight Parade,"71 Sunlight Parade, Fishing Point, NSW 2283",750000,"$750,000",house,4,2,2,,,686.0,m²,XCETON,Century 21 Gallery - Rathmines,,,02 Feb 2015,house,,686.0
Sold,https://www.realestate.com.au/sold/property-house-nsw-fishing+point-117594487,Fishing Point,NSW,2283,60 Sunlight Parade,"60 Sunlight Parade, Fishing Point, NSW 2283",620000,"$620,000",house,4,2,1,,,698.0,m²,XFNTOT,Avery Property Professionals  -   ,,,10 Nov 2014,house,,698.0
Sold,https://www.realestate.com.au/sold/property-house-nsw-fishing+point-117998151,Fishing Point,NSW,2283,229 Fishing Point Road,"229 Fishing Point Road, Fishing Point, NSW 2283",992500,"$992,500",house,4,2,2,,,1056.0,m²,XLJTOS,LJ Hooker Lake Macquarie - TORONTO,,,23 Oct 2014,house,,1056.0
Sold,https://www.realestate.com.au/sold/property-house-nsw-fishing+point-117437707,Fishing Point,NSW,2283,34 Carlisle Row,"34 Carlisle Row, Fishing Point, NSW 2283",480000,"$480,000",house,4,2,4,,,697.0,m²,MWXJCK,buymyplace,,,22 Oct 2014,house,,697.0
Sold,https://www.realestate.com.au/sold/property-house-nsw-fishing+point-115804779,Fishing Point,NSW,2283,19 Sealand Road,"19 Sealand Road, Fishing Point, NSW 2283",625000,"$625,000",house,4,3,4,,,1198.0,m²,XFNTOT,Avery Property Professionals  -   ,,,04 Mar 2014,house,,1198.0
Sold,https://www.realestate.com.au/sold/property-house-nsw-fishing+point-115563607,Fishing Point,NSW,2283,,,468000,"$468,000",house,4,3,2,,,695.6,m²,XLJTOS,LJ Hooker Lake Macquarie - TORONTO,,,13 Jan 2014,house,,695.6
Sold,https://www.realestate.com.au/sold/property-house-nsw-fishing+point-114173251,Fishing Point,NSW,2283,22 Carlisle Row,"22 Carlisle Row, Fishing Point, NSW 2283",380000,"$380,000",house,4,1,3,,,695.6,m²,CRGCHA,Creer Property - Charlestown     ,,,02 Dec 2013,house,,695.6
Sold,https://www.realestate.com.au/sold/property-house-nsw-fishing+point-113082671,Fishing Point,NSW,2283,72 Fishing Point Road,"72 Fishing Point Road, Fishing Point, NSW 2283",370500,"$370,500",house,4,2,2,,,1537.0,m²,XLJTOS,LJ Hooker Lake Macquarie - TORONTO,,,21 Mar 2013,house,,1537.0
Sold,https://www.realestate.com.au/sold/property-house-nsw-fishing+point-110481937,Fishing Point,NSW,2283,97 Fishing Point Road,"97 Fishing Point Road, Fishing Point, NSW 2283",962000,"$962,000",house,4,2,2,,,935.0,m²,XLJTOS,LJ Hooker Lake Macquarie - TORONTO,,,20 Feb 2013,house,,935.0
Sold,https://www.realestate.com.au/sold/property-house-nsw-fishing+point-111871911,Fishing Point,NSW,2283,44 Alkrington Avenue,"44 Alkrington Avenue, Fishing Point, NSW 2283",450000,"$450,000",house,4,2,3,,,696.0,m²,XLJTOS,LJ Hooker Lake Macquarie - TORONTO,,,21 Jan 2013,house,,696.0
Sold,https://www.realestate.com.au/sold/property-duplex+semi-detached-nsw-fishing+point-110531405,Fishing Point,NSW,2283,2/15 Sunlight Parade,"2/15 Sunlight Parade, Fishing Point, NSW 2283",410000,"$410,000",duplex-semi-detached,4,3,1,,,469.0,m²,XFNTOT,Avery Property Professionals  -   ,,,24 Aug 2012,house,,469.0
Sold,https://www.realestate.com.au/sold/property-house-nsw-fishing+point-109704691,Fishing Point,NSW,2283,,,1400000,"$1,400,000",house,4,2,4,,,1081.0,m²,XLJTOS,LJ Hooker Lake Macquarie - TORONTO,,,28 May 2012,house,,1081.0
Sold,https://www.realestate.com.au/sold/property-house-nsw-fishing+point-106902351,Fishing Point,NSW,2283,,,510000,"$510,000",house,4,2,2,,,765.0,m²,XLJTOS,LJ Hooker Lake Macquarie - TORONTO,,,21 May 2012,house,,765.0
Sold,https://www.realestate.com.au/sold/property-house-nsw-fishing+point-107685621,Fishing Point,NSW,2283,28 Somersham Avenue,"28 Somersham Avenue, Fishing Point, NSW 2283",480000,"$480,000",house,4,3,2,,,-1.0,,XCETON,Century 21 Gallery - Rathmines,,,04 Apr 2012,house,,-1.0
Sold,https://www.realestate.com.au/sold/property-house-nsw-fishing+point-108883771,Fishing Point,NSW,2283,166 Fishing Point Road,"166 Fishing Point Road, Fishing Point, NSW 2283",335000,"$335,000",house,4,2,2,,,657.0,m²,XCETON,Century 21 Gallery - Rathmines,,,05 Mar 2012,house,,657.0
Sold,https://www.realestate.com.au/sold/property-house-nsw-fishing+point-107355981,Fishing Point,NSW,2283,,,399500,"$399,500",house,4,2,2,705,m²,701.0,m²,XLJTOS,LJ Hooker Lake Macquarie - TORONTO,,,27 Apr 2011,house,705,701.0
Sold,https://www.realestate.com.au/sold/property-house-nsw-fishing+point-106098369,Fishing Point,NSW,2283,,,565000,"$565,000",house,4,2,4,,,-1.0,,XCETON,Century 21 Gallery - Rathmines,,,09 Aug 2010,house,,-1.0
Sold,https://www.realestate.com.au/sold/property-house-nsw-fishing+point-103207858,Fishing Point,NSW,2283,114 Sealand Road,"114 Sealand Road, Fishing Point, NSW 2283",810000,"$810,000",house,4,2,2,,,1284.0,m²,XLJTOS,LJ Hooker Lake Macquarie - TORONTO,,,04 Jun 2009,house,,1284.0
Sold,https://www.realestate.com.au/sold/property-house-nsw-fishing+point-105582457,Fishing Point,NSW,2283,,,400000,"$400,000",house,4,2,0,,,-1.0,,XCETON,Century 21 Gallery - Rathmines,,,22 May 2009,house,,-1.0
Sold,https://www.realestate.com.au/sold/property-house-nsw-fishing+point-105301779,Fishing Point,NSW,2283,,,390000,"$390,000",house,4,2,1,,,-1.0,,XLJTOS,LJ Hooker Lake Macquarie - TORONTO,,,16 Apr 2009,house,,-1.0
Sold,https://www.realestate.com.au/sold/property-house-nsw-fishing+point-105588514,Fishing Point,NSW,2283,,,430000,"$430,000",house,4,3,1,,,-1.0,,XLJTOS,LJ Hooker Lake Macquarie - TORONTO,,,26 Mar 2009,house,,-1.0
Sold,https://www.realestate.com.au/sold/property-house-nsw-fishing+point-107282535,Fishing Point,NSW,2283,31 Sunlight Parade,"31 Sunlight Parade, Fishing Point, NSW 2283",430000,"$430,000",house,4,3,1,,,1521.0,m²,XLJTOS,LJ Hooker Lake Macquarie - TORONTO,,,11 Mar 2009,house,,1521.0
Sold,https://www.realestate.com.au/sold/property-house-nsw-fishing+point-140977340,Fishing Point,NSW,2283,168 Fishing Point Road,"168 Fishing Point Road, Fishing Point, NSW 2283",1220000,"$1,220,000",house,4,2,2,188,m²,677.0,m²,TVEVWJ,Upside Realty - NSW,,,23 Dec 2022,house,188,677.0
Sold,https://www.realestate.com.au/sold/property-house-nsw-fishing+point-139393383,Fishing Point,NSW,2283,4 Sealand Road,"4 Sealand Road, Fishing Point, NSW 2283",2100000,"$2,100,000",house,4,3,2,,,987.2,m²,XLJTOS,LJ Hooker Lake Macquarie - TORONTO,,,19 Aug 2022,house,,987.2
Sold,https://www.realestate.com.au/sold/property-house-nsw-fishing+point-138711007,Fishing Point,NSW,2283,22 Carlisle Row,"22 Carlisle Row, Fishing Point, NSW 2283",815000,"$815,000",house,4,2,4,,,695.6,m²,NTWOYA,Love Realty - Newcastle/ Lake Macquarie,,,17 Mar 2022,house,,695.6
Sold,https://www.realestate.com.au/sold/property-house-nsw-fishing+point-136673418,Fishing Point,NSW,2283,197 Fishing Point Road,"197 Fishing Point Road, Fishing Point, NSW 2283",2475000,"$2,475,000",house,4,3,2,,,1151.0,m²,XLJTOS,LJ Hooker Lake Macquarie - TORONTO,,,09 Sep 2021,house,,1151.0
Sold,https://www.realestate.com.au/sold/property-house-nsw-fishing+point-136140138,Fishing Point,NSW,2283,36 Alkrington Avenue,"36 Alkrington Avenue, Fishing Point, NSW 2283",729000,"$729,000",house,4,2,2,,,705.0,m²,AREENA,LJ Hooker Lake Macquarie - Wangi Wangi,,,14 May 2021,house,,705.0
Sold,https://www.realestate.com.au/sold/property-house-nsw-fishing+point-135206530,Fishing Point,NSW,2283,3 Hereford Rise,"3 Hereford Rise, Fishing Point, NSW 2283",650000,"$650,000",house,4,2,4,,,758.8,m²,AREENA,LJ Hooker Lake Macquarie - Wangi Wangi,,,03 Feb 2021,house,,758.8
Sold,https://www.realestate.com.au/sold/property-house-nsw-fishing+point-134102590,Fishing Point,NSW,2283,,,680000,"$680,000",house,4,2,3,,,739.8,m²,NTWOYA,Love Realty - Newcastle/ Lake Macquarie,,,09 Oct 2020,house,,739.8
Sold,https://www.realestate.com.au/sold/property-house-nsw-fishing+point-134516382,Fishing Point,NSW,2283,88 Sealand Road,"88 Sealand Road, Fishing Point, NSW 2283",1175000,"$1,175,000",house,4,2,2,,,739.8,m²,XLJTOS,LJ Hooker Lake Macquarie - TORONTO,,,02 Oct 2020,house,,739.8
Sold,https://www.realestate.com.au/sold/property-house-nsw-fishing+point-133109026,Fishing Point,NSW,2283,94 Fishing Point Road,"94 Fishing Point Road, Fishing Point, NSW 2283",767500,"$767,500",house,4,2,4,,,960.0,m²,XFNTOT,Avery Property Professionals  -   ,,,05 May 2020,house,,960.0
Sold,https://www.realestate.com.au/sold/property-house-nsw-fishing+point-132144542,Fishing Point,NSW,2283,63 Alkrington Avenue,"63 Alkrington Avenue, Fishing Point, NSW 2283",750000,"$750,000",house,4,2,2,,,794.0,m²,DOWSWA,One Agency - Eastlakes,,,10 Dec 2019,house,,794.0
Sold,https://www.realestate.com.au/sold/property-house-nsw-fishing+point-130114858,Fishing Point,NSW,2283,26 Carlisle Row,"26 Carlisle Row, Fishing Point, NSW 2283",,Contact agent,house,4,2,2,,,696.0,m²,IOHFCS,Dotcom Property Sales - NSW,,,22 Mar 2019,house,,696.0
Sold,https://www.realestate.com.au/sold/property-house-nsw-fishing+point-130010054,Fishing Point,NSW,2283,79 Alkrington Avenue,"79 Alkrington Avenue, Fishing Point, NSW 2283",850000,"$850,000",house,4,3,1,,,708.0,m²,XLJTOS,LJ Hooker Lake Macquarie - TORONTO,,,03 Jan 2019,house,,708.0
Sold,https://www.realestate.com.au/sold/property-house-nsw-fishing+point-129367222,Fishing Point,NSW,2283,67 Sunlight Parade,"67 Sunlight Parade, Fishing Point, NSW 2283",600000,"$600,000",house,4,3,2,,,689.2,m²,CRGCHA,Creer Property - Charlestown     ,,,10 Dec 2018,house,,689.2
Sold,https://www.realestate.com.au/sold/property-house-nsw-fishing+point-127862366,Fishing Point,NSW,2283,69 Sealand Road,"69 Sealand Road, Fishing Point, NSW 2283",810000,"$810,000",house,4,2,4,,,1050.0,m²,XLJTOS,LJ Hooker Lake Macquarie - TORONTO,,,20 Apr 2018,house,,1050.0
Sold,https://www.realestate.com.au/sold/property-house-nsw-fishing+point-126545950,Fishing Point,NSW,2283,71 Sunlight Parade,"71 Sunlight Parade, Fishing Point, NSW 2283",890000,"$890,000",house,4,2,2,,,686.0,m²,XLJTOS,LJ Hooker Lake Macquarie - TORONTO,,,27 Oct 2017,house,,686.0
Sold,https://www.realestate.com.au/sold/property-house-nsw-fishing+point-122624510,Fishing Point,NSW,2283,,,820000,"Range: $700,000 - $820,000",house,4,2,2,,,720.0,m²,XCETON,Century 21 Gallery - Rathmines,,,24 Jun 2016,house,,720.0
Sold,https://www.realestate.com.au/sold/property-house-nsw-fishing+point-121724390,Fishing Point,NSW,2283,42 Somersham Ave,"42 Somersham Ave, Fishing Point, NSW 2283",650000,"$650,000",house,4,3,2,,,1094.0,m²,DVEZDM,Castle Property - NEWCASTLE,,,19 Feb 2016,house,,1094.0
Sold,https://www.realestate.com.au/sold/property-house-nsw-fishing+point-119333447,Fishing Point,NSW,2283,,,610000,"$610,000",house,4,3,4,400,m²,701.0,m²,OPLYHL,Macquarie Realtors - TORONTO,,,07 Aug 2015,house,400,701.0
Sold,https://www.realestate.com.au/sold/property-house-nsw-fishing+point-119792879,Fishing Point,NSW,2283,47 Alkrington Avenue,"47 Alkrington Avenue, Fishing Point, NSW 2283",635000,"$635,000",house,4,2,2,,,1151.0,m²,XCETON,Century 21 Gallery - Rathmines,,,01 Jun 2015,house,,1151.0
Sold,https://www.realestate.com.au/sold/property-house-nsw-fishing+point-117974155,Fishing Point,NSW,2283,,,607500,"$607,500",house,4,1,4,,,702.0,m²,XRWTOR,Ray White - Toronto,,,03 Nov 2014,house,,702.0
Sold,https://www.realestate.com.au/sold/property-house-nsw-fishing+point-118011603,Fishing Point,NSW,2283,123 Fishing Point Road,"123 Fishing Point Road, Fishing Point, NSW 2283",1050000,"$1,050,000",house,4,2,2,,,830.0,m²,XCETON,Century 21 Gallery - Rathmines,,,30 Oct 2014,house,,830.0
Sold,https://www.realestate.com.au/sold/property-house-nsw-fishing+point-107570162,Fishing Point,NSW,2283,,,625000,"$625,000",house,4,3,2,651.3,m²,651.3,m²,NTWOYA,Love Realty - Newcastle/ Lake Macquarie,,,19 May 2014,house,651.3,651.3
Sold,https://www.realestate.com.au/sold/property-house-nsw-fishing+point-113449283,Fishing Point,NSW,2283,,,1130000,"$1,130,000",house,4,3,3,,,-1.0,,XRWTOR,Ray White - Toronto,,,08 Jan 2014,house,,-1.0
Sold,https://www.realestate.com.au/sold/property-house-nsw-fishing+point-113967123,Fishing Point,NSW,2283,156 Sealand Road,"156 Sealand Road, Fishing Point, NSW 2283",1470000,"$1,470,000",house,4,3,2,,,980.0,m²,XFNTOT,Avery Property Professionals  -   ,,,24 Sep 2013,house,,980.0
Sold,https://www.realestate.com.au/sold/property-house-nsw-fishing+point-114197071,Fishing Point,NSW,2283,,,,Contact agent,house,4,2,2,,,-1.0,,XRWTOR,Ray White - Toronto,,,18 Sep 2013,house,,-1.0
Sold,https://www.realestate.com.au/sold/property-house-nsw-fishing+point-113514611,Fishing Point,NSW,2283,,,,Contact agent,house,4,2,2,,,753.0,m²,XCETON,Century 21 Gallery - Rathmines,,,03 Sep 2013,house,,753.0
Sold,https://www.realestate.com.au/sold/property-house-nsw-fishing+point-108927221,Fishing Point,NSW,2283,,,504000,"$504,000",house,4,2,2,,,-1.0,,XRWTOR,Ray White - Toronto,,,27 Apr 2012,house,,-1.0
Sold,https://www.realestate.com.au/sold/property-other-nsw-fishing+point-107929726,Fishing Point,NSW,2283,,,,Contact agent,residential-other,4,3,1,,,-1.0,,XRWTOR,Ray White - Toronto,,,16 Mar 2012,house,,-1.0
Sold,https://www.realestate.com.au/sold/property-house-nsw-fishing+point-107419393,Fishing Point,NSW,2283,,,535000,"$535,000",house,4,2,2,,,704.0,m²,NTWOYA,Love Realty - Newcastle/ Lake Macquarie,,,19 Sep 2011,house,,704.0
Sold,https://www.realestate.com.au/sold/property-house-nsw-fishing+point-107290088,Fishing Point,NSW,2283,,,606000,"$606,000",house,4,3,2,,,1195.0,m²,NTWOYA,Love Realty - Newcastle/ Lake Macquarie,,,09 May 2011,house,,1195.0
Sold,https://www.realestate.com.au/sold/property-house-nsw-fishing+point-107158833,Fishing Point,NSW,2283,7 Sunlight Parade,"7 Sunlight Parade, Fishing Point, NSW 2283",592000,"$592,000",house,4,2,3,,,759.0,m²,CRGCHA,Creer Property - Charlestown     ,,,29 Apr 2011,house,,759.0
Sold,https://www.realestate.com.au/sold/property-house-nsw-fishing+point-107270761,Fishing Point,NSW,2283,,,485000,"$485,000",house,4,3,2,,,1663.0,m²,XRWTOR,Ray White - Toronto,,,27 Apr 2011,house,,1663.0
Sold,https://www.realestate.com.au/sold/property-duplex+semi-detached-nsw-fishing+point-106396875,Fishing Point,NSW,2283,,,,Contact agent,duplex-semi-detached,4,3,1,,,922.0,m²,XRWTOR,Ray White - Toronto,,,24 Jan 2011,house,,922.0
Sold,https://www.realestate.com.au/sold/property-house-nsw-fishing+point-106470537,Fishing Point,NSW,2283,11 Sunlight Parade,"11 Sunlight Parade, Fishing Point, NSW 2283",455000,"$455,000",house,4,2,2,,,864.0,m²,XFNTOT,Avery Property Professionals  -   ,,,01 Jul 2010,house,,864.0
Sold,https://www.realestate.com.au/sold/property-house-nsw-fishing+point-106090424,Fishing Point,NSW,2283,66 Fishing Point Road,"66 Fishing Point Road, Fishing Point, NSW 2283",477000,"$477,000",house,4,2,2,,,840.0,m²,XFNTOT,Avery Property Professionals  -   ,,,22 Mar 2010,house,,840.0
Sold,https://www.realestate.com.au/sold/property-house-nsw-fishing+point-106025115,Fishing Point,NSW,2283,66 Alkrington Avenue,"66 Alkrington Avenue, Fishing Point, NSW 2283",395000,"$395,000",house,4,2,2,,,565.0,m²,XRWTOR,Ray White - Toronto,,,13 Jan 2010,house,,565.0
Sold,https://www.realestate.com.au/sold/property-house-nsw-fishing+point-106059251,Fishing Point,NSW,2283,46 Sealand Road,"46 Sealand Road, Fishing Point, NSW 2283",,Contact agent,house,4,3,2,,,-1.0,,XRWTOR,Ray White - Toronto,,,11 Jan 2010,house,,-1.0
Sold,https://www.realestate.com.au/sold/property-house-nsw-fishing+point-106012314,Fishing Point,NSW,2283,72 Sunlight Parade,"72 Sunlight Parade, Fishing Point, NSW 2283",400000,"$400,000",house,4,2,2,,,695.0,m²,XRWTOR,Ray White - Toronto,,,09 Dec 2009,house,,695.0
Sold,https://www.realestate.com.au/sold/property-house-nsw-fishing+point-106006735,Fishing Point,NSW,2283,52 Sealand Road,"52 Sealand Road, Fishing Point, NSW 2283",,Contact agent,house,4,3,4,,,1080.0,m²,XRWTOR,Ray White - Toronto,,,13 Nov 2009,house,,1080.0
Sold,https://www.realestate.com.au/sold/property-house-nsw-fishing+point-106036351,Fishing Point,NSW,2283,,,559000,"$559,000",house,4,2,2,,,803.0,m²,NTWOYA,Love Realty - Newcastle/ Lake Macquarie,,,24 Oct 2009,house,,803.0
Sold,https://www.realestate.com.au/sold/property-house-nsw-fishing+point-105629908,Fishing Point,NSW,2283,31 Somersham Ave,"31 Somersham Ave, Fishing Point, NSW 2283",512000,"$512,000",house,4,2,2,,,700.0,m²,XRWTOR,Ray White - Toronto,,,12 May 2009,house,,700.0
Sold,https://www.realestate.com.au/sold/property-house-nsw-fishing+point-105609294,Fishing Point,NSW,2283,39 Alkrington Avenue,"39 Alkrington Avenue, Fishing Point, NSW 2283",635000,"$635,000",house,4,3,2,,,696.0,m²,PRDNEW,"PRD Presence - Newcastle, Lake Macquarie & Central Coast -     ",,,06 May 2009,house,,696.0
Sold,https://www.realestate.com.au/sold/property-house-nsw-fishing+point-105003657,Fishing Point,NSW,2283,36 Carlisle Row,"36 Carlisle Row, Fishing Point, NSW 2283",318000,"$318,000",house,4,2,2,,,695.0,m²,XFNTOT,Avery Property Professionals  -   ,,,23 Jul 2008,house,,695.0
Sold,https://www.realestate.com.au/sold/property-house-nsw-fishing+point-124919562,Fishing Point,NSW,2283,124 Sealand Road,"124 Sealand Road, Fishing Point, NSW 2283",,Contact agent,house,4,3,2,,,792.0,m²,VZUYFE,First National Real Estate - Toronto,,,,house,,792.0
Sold,https://www.realestate.com.au/sold/property-house-nsw-fishing+point-114303631,Fishing Point,NSW,2283,132 Sealand Road,"132 Sealand Road, Fishing Point, NSW 2283",,Contact agent,house,4,2,2,,,730.0,m²,XFNTOT,Avery Property Professionals  -   ,,,,house,,730.0
Sold,https://www.realestate.com.au/sold/property-house-nsw-fishing+point-123587614,Fishing Point,NSW,2283,22 Sunlight Parade,"22 Sunlight Parade, Fishing Point, NSW 2283",,Contact agent,house,4,3,0,,,883.0,m²,XFNTOT,Avery Property Professionals  -   ,,,,house,,883.0
Sold,https://www.realestate.com.au/sold/property-house-nsw-fishing+point-136979442,Fishing Point,NSW,2283,42 Alkrington Avenue,"42 Alkrington Avenue, Fishing Point, NSW 2283",980000,"$980,000",house,5,2,1,,,720.6,m²,XLJTOS,LJ Hooker Lake Macquarie - TORONTO,,,23 Aug 2021,house,,720.6
Sold,https://www.realestate.com.au/sold/property-house-nsw-fishing+point-136548982,Fishing Point,NSW,2283,177 Fishing Point Road,"177 Fishing Point Road, Fishing Point, NSW 2283",1550000,"$1,550,000",house,5,4,4,,,1383.0,m²,VZUYFE,First National Real Estate - Toronto,,,06 Jul 2021,house,,1383.0
Sold,https://www.realestate.com.au/sold/property-house-nsw-fishing+point-131232042,Fishing Point,NSW,2283,7 Glasgow Street,"7 Glasgow Street, Fishing Point, NSW 2283",512500,"$512,500",house,5,2,4,,,752.0,m²,XCETON,Century 21 Gallery - Rathmines,,,27 Aug 2019,house,,752.0
Sold,https://www.realestate.com.au/sold/property-house-nsw-fishing+point-136246066,Fishing Point,NSW,2283,8 Cabarita Lane,"8 Cabarita Lane, Fishing Point, NSW 2283",2500000,"$2,500,000",house,5,3,2,,,1126.0,m²,XFNTOT,Avery Property Professionals  -   ,,,24 May 2021,house,,1126.0
Sold,https://www.realestate.com.au/sold/property-house-nsw-fishing+point-134721026,Fishing Point,NSW,2283,44 Sunlight Parade,"44 Sunlight Parade, Fishing Point, NSW 2283",825000,"$825,000",house,5,3,2,,,777.0,m²,XFNTOT,Avery Property Professionals  -   ,,,04 Mar 2021,house,,777.0
Sold,https://www.realestate.com.au/sold/property-house-nsw-fishing+point-134788246,Fishing Point,NSW,2283,92a Fishing Point Road,"92a Fishing Point Road, Fishing Point, NSW 2283",849000,"$849,000",house,5,3,2,,,1255.0,m²,XRWTOR,Ray White - Toronto,,,13 Nov 2020,house,,1255.0
Sold,https://www.realestate.com.au/sold/property-house-nsw-fishing+point-133859030,Fishing Point,NSW,2283,52 Sunlight Parade,"52 Sunlight Parade, Fishing Point, NSW 2283",850000,"$850,000",house,5,3,2,,,1007.0,m²,XRWTOR,Ray White - Toronto,,,23 Jul 2020,house,,1007.0
Sold,https://www.realestate.com.au/sold/property-house-nsw-fishing+point-130170690,Fishing Point,NSW,2283,57 Sunlight Parade,"57 Sunlight Parade, Fishing Point, NSW 2283",970000,"$970,000",house,5,3,2,,,811.0,m²,XLJTOS,LJ Hooker Lake Macquarie - TORONTO,,,24 Jan 2019,house,,811.0
Sold,https://www.realestate.com.au/sold/property-house-nsw-fishing+point-127326714,Fishing Point,NSW,2283,38 Alkrington Avenue,"38 Alkrington Avenue, Fishing Point, NSW 2283",780000,"$780,000",house,5,3,2,,,771.0,m²,XRWTOR,Ray White - Toronto,,,20 Jun 2018,house,,771.0
Sold,https://www.realestate.com.au/sold/property-house-nsw-fishing+point-121679630,Fishing Point,NSW,2283,8 Cabarita Lane,"8 Cabarita Lane, Fishing Point, NSW 2283",1400000,"$1,400,000",house,5,3,2,,,1073.0,m²,XLJTOS,LJ Hooker Lake Macquarie - TORONTO,,,13 Feb 2016,house,,1073.0
Sold,https://www.realestate.com.au/sold/property-house-nsw-fishing+point-119773979,Fishing Point,NSW,2283,4 Carlisle Row,"4 Carlisle Row, Fishing Point, NSW 2283",615000,"$615,000",house,5,3,2,,,695.6,m²,XLJTOS,LJ Hooker Lake Macquarie - TORONTO,,,12 Aug 2015,house,,695.6
Sold,https://www.realestate.com.au/sold/property-house-nsw-fishing+point-119973525,Fishing Point,NSW,2283,62 Fishing Point Road,"62 Fishing Point Road, Fishing Point, NSW 2283",1075000,"$1,075,000",house,5,3,2,,,2205.0,m²,XLJTOS,LJ Hooker Lake Macquarie - TORONTO,,,09 Jul 2015,house,,2205.0
Sold,https://www.realestate.com.au/sold/property-house-nsw-fishing+point-119540287,Fishing Point,NSW,2283,209 Fishing Point Road,"209 Fishing Point Road, Fishing Point, NSW 2283",1410000,"$1,410,000",house,5,3,2,,,1631.1,m²,XLJTOS,LJ Hooker Lake Macquarie - TORONTO,,,14 May 2015,house,,1631.1
Sold,https://www.realestate.com.au/sold/property-house-nsw-fishing+point-115414327,Fishing Point,NSW,2283,30 Carlisle Row,"30 Carlisle Row, Fishing Point, NSW 2283",365000,"$365,000",house,5,2,2,,,696.0,m²,XFNTOT,Avery Property Professionals  -   ,,,07 Feb 2014,house,,696.0
Sold,https://www.realestate.com.au/sold/property-house-nsw-fishing+point-109285681,Fishing Point,NSW,2283,,,656000,"$656,000",house,5,4,6,,,708.0,m²,XLJTOS,LJ Hooker Lake Macquarie - TORONTO,,,19 Oct 2012,house,,708.0
Sold,https://www.realestate.com.au/sold/property-house-nsw-fishing+point-109479606,Fishing Point,NSW,2283,51 Sunlight Parade,"51 Sunlight Parade, Fishing Point, NSW 2283",520000,"$520,000",house,5,3,3,,,841.0,m²,XCETON,Century 21 Gallery - Rathmines,,,03 Jul 2012,house,,841.0
Sold,https://www.realestate.com.au/sold/property-house-nsw-fishing+point-106824520,Fishing Point,NSW,2283,62 Fishing Point Road,"62 Fishing Point Road, Fishing Point, NSW 2283",700000,"$700,000",house,5,3,2,,,2205.0,m²,XLJTOS,LJ Hooker Lake Macquarie - TORONTO,,,04 Aug 2011,house,,2205.0
Sold,https://www.realestate.com.au/sold/property-house-nsw-fishing+point-134436034,Fishing Point,NSW,2283,52 Sealand Road,"52 Sealand Road, Fishing Point, NSW 2283",1855000,"$1,855,000",house,5,3,4,,,1124.0,m²,XLCTVQ,Advantage Property Group - CAMERON PARK,,,27 Nov 2020,house,,1124.0
Sold,https://www.realestate.com.au/sold/property-house-nsw-fishing+point-133305990,Fishing Point,NSW,2283,4 Carlisle Row,"4 Carlisle Row, Fishing Point, NSW 2283",715000,"$715,000",house,5,3,2,,,695.0,m²,VZUYFE,First National Real Estate - Toronto,,,14 Aug 2020,house,,695.0
Sold,https://www.realestate.com.au/sold/property-house-nsw-fishing+point-132903402,Fishing Point,NSW,2283,10 Sealand Road,"10 Sealand Road, Fishing Point, NSW 2283",1590000,"$1,590,000",house,5,5,2,,,-1.0,,XFNTOT,Avery Property Professionals  -   ,,,20 Jul 2020,house,,-1.0
Sold,https://www.realestate.com.au/sold/property-house-nsw-fishing+point-131185350,Fishing Point,NSW,2283,114 Sealand Road,"114 Sealand Road, Fishing Point, NSW 2283",,Contact agent,house,5,3,6,,,1284.0,m²,JSUAAV,"Altitude Real Estate - Newcastle, Lake Macquarie & Hunter Valley",,,28 Aug 2019,house,,1284.0
Sold,https://www.realestate.com.au/sold/property-house-nsw-fishing+point-128915066,Fishing Point,NSW,2283,91 Alkrington Avenue,"91 Alkrington Avenue, Fishing Point, NSW 2283",765000,"$765,000",house,5,4,6,,,708.0,m²,XLJTOS,LJ Hooker Lake Macquarie - TORONTO,,,03 Dec 2018,house,,708.0
Sold,https://www.realestate.com.au/sold/property-house-nsw-fishing+point-128906846,Fishing Point,NSW,2283,8 Cabarita Lane,"8 Cabarita Lane, Fishing Point, NSW 2283",1546000,"$1,546,000",house,5,3,2,,,1073.0,m²,XLJTOS,LJ Hooker Lake Macquarie - TORONTO,,,23 Aug 2018,house,,1073.0
Sold,https://www.realestate.com.au/sold/property-house-nsw-fishing+point-109984706,Fishing Point,NSW,2283,,,1700000,"$1,700,000",house,5,4,4,,,1271.0,m²,XRWTOR,Ray White - Toronto,,,04 Jul 2014,house,,1271.0
Sold,https://www.realestate.com.au/sold/property-house-nsw-fishing+point-114088931,Fishing Point,NSW,2283,,,,Contact agent,house,5,3,2,,,-1.0,,,,,,18 Dec 2013,house,,-1.0
Sold,https://www.realestate.com.au/sold/property-house-nsw-fishing+point-135508926,Fishing Point,NSW,2283,109 Fishing Point Road,"109 Fishing Point Road, Fishing Point, NSW 2283",2295000,"$2,295,000",house,6,4,8,,,1057.0,m²,XLJTOS,LJ Hooker Lake Macquarie - TORONTO,,,18 Mar 2021,house,,1057.0
Sold,https://www.realestate.com.au/sold/property-house-nsw-fishing+point-125459834,Fishing Point,NSW,2283,36 Sealand Road,"36 Sealand Road, Fishing Point, NSW 2283",1670000,"$1,670,000",house,6,4,4,,,594.0,m²,VZUYFE,First National Real Estate - Toronto,,,22 Sep 2017,house,,594.0
Sold,https://www.realestate.com.au/sold/property-house-nsw-fishing+point-107167548,Fishing Point,NSW,2283,,,300000,"$300,000",house,6,3,1,,,954.0,m²,XLJTOS,LJ Hooker Lake Macquarie - TORONTO,,,18 Apr 2011,house,,954.0
Sold,https://www.realestate.com.au/sold/property-house-nsw-fishing+point-107025974,Fishing Point,NSW,2283,,,495000,"$495,000",house,6,3,2,,,501.0,m²,XLJTOS,LJ Hooker Lake Macquarie - TORONTO,,,31 Dec 2010,house,,501.0
Sold,https://www.realestate.com.au/sold/property-house-nsw-fishing+point-136375390,Fishing Point,NSW,2283,76 Sunlight Parade,"76 Sunlight Parade, Fishing Point, NSW 2283",1630000,"$1,630,000",house,6,3,2,,,-1.0,,RLKTTY,McGrath - Parramatta,,,07 Jul 2021,house,,-1.0
Sold,https://www.realestate.com.au/sold/property-house-nsw-fishing+point-119025011,Fishing Point,NSW,2283,,,636670,"$636,670",house,6,3,1,,,752.5,m²,NTWOYA,Love Realty - Newcastle/ Lake Macquarie,,,09 Mar 2015,house,,752.5
Sold,https://www.realestate.com.au/sold/property-residential+land-nsw-fishing+point-203383939,Fishing Point,NSW,2283,13A Sealand Road,"13A Sealand Road, Fishing Point, NSW 2283",620000,"$620,000",residential-land,,,,,,672.0,m²,XLJTOS,LJ Hooker Lake Macquarie - TORONTO,,,11 Aug 2022,land,,672.0
Sold,https://www.realestate.com.au/sold/property-residential+land-nsw-fishing+point-203112082,Fishing Point,NSW,2283,152 Fishing Point Road,"152 Fishing Point Road, Fishing Point, NSW 2283",440000,"$440,000",residential-land,,,,,,582.0,m²,XLJTOS,LJ Hooker Lake Macquarie - TORONTO,,,17 Sep 2021,land,,582.0
Sold,https://www.realestate.com.au/sold/property-residential+land-nsw-fishing+point-203001810,Fishing Point,NSW,2283,,,320000,"$320,000",residential-land,,,,,,765.0,m²,XRWTOR,Ray White - Toronto,,,21 May 2021,land,,765.0
Sold,https://www.realestate.com.au/sold/property-residential+land-nsw-fishing+point-202892486,Fishing Point,NSW,2283,,,360000,"$360,000",residential-land,,,,,,967.0,m²,XRWTOR,Ray White - Toronto,,,27 Jan 2021,land,,967.0
Sold,https://www.realestate.com.au/sold/property-residential+land-nsw-fishing+point-202590890,Fishing Point,NSW,2283,,,260000,"$260,000",residential-land,,,,,,720.0,m²,XRWTOR,Ray White - Toronto,,,03 Sep 2020,land,,720.0
Sold,https://www.realestate.com.au/sold/property-residential+land-nsw-fishing+point-202487662,Fishing Point,NSW,2283,81 Alkrington Avenue,"81 Alkrington Avenue, Fishing Point, NSW 2283",240000,"$240,000",residential-land,,,,,,702.0,m²,XRWTOR,Ray White - Toronto,,,11 Aug 2020,land,,702.0
Sold,https://www.realestate.com.au/sold/property-residential+land-nsw-fishing+point-202504590,Fishing Point,NSW,2283,69 Alkrington Avenue,"69 Alkrington Avenue, Fishing Point, NSW 2283",185000,"$185,000",residential-land,,,,,,734.0,m²,XRWTOR,Ray White - Toronto,,,06 Dec 2019,land,,734.0
Sold,https://www.realestate.com.au/sold/property-residential+land-nsw-fishing+point-202437622,Fishing Point,NSW,2283,3 Alkrington Avenue,"3 Alkrington Avenue, Fishing Point, NSW 2283",325000,"$325,000",residential-land,,,,,,697.0,m²,XCETON,Century 21 Gallery - Rathmines,,,10 May 2019,land,,697.0
Sold,https://www.realestate.com.au/sold/property-residential+land-nsw-fishing+point-201998354,Fishing Point,NSW,2283,38 Sunlight Parade,"38 Sunlight Parade, Fishing Point, NSW 2283",240000,"$240,000",residential-land,,,,,,718.3,m²,CRGCHA,Creer Property - Charlestown     ,,,01 Feb 2018,land,,718.3
Sold,https://www.realestate.com.au/sold/property-residential+land-nsw-fishing+point-201791778,Fishing Point,NSW,2283,144 Fishing Point Road,"144 Fishing Point Road, Fishing Point, NSW 2283",287000,"$287,000",residential-land,,,,,,689.0,m²,XCETON,Century 21 Gallery - Rathmines,,,15 May 2017,land,,689.0
Sold,https://www.realestate.com.au/sold/property-residential+land-nsw-fishing+point-201693078,Fishing Point,NSW,2283,30 Sunlight Parade,"30 Sunlight Parade, Fishing Point, NSW 2283",225000,"$225,000",residential-land,,,,,,1176.0,m²,QKQSIZ,Ray White Stanhope Gardens - STANHOPE GARDENS,,,11 Apr 2017,land,,1176.0
Sold,https://www.realestate.com.au/sold/property-residential+land-nsw-fishing+point-201025459,Fishing Point,NSW,2283,81 Alkrington Ave,"81 Alkrington Ave, Fishing Point, NSW 2283",200000,"$200,000",residential-land,,,,,,696.0,m²,MPPMOR,Morisset City Real Estate - Morisset,,,20 Dec 2016,land,,696.0
Sold,https://www.realestate.com.au/sold/property-residential+land-nsw-fishing+point-201319134,Fishing Point,NSW,2283,Lot 9 Sunlight Parade,"Lot 9 Sunlight Parade, Fishing Point, NSW 2283",337500,"$337,500",residential-land,,,,,,796.0,m²,XLJTOS,LJ Hooker Lake Macquarie - TORONTO,,,03 May 2016,land,,796.0
Sold,https://www.realestate.com.au/sold/property-residential+land-nsw-fishing+point-201384066,Fishing Point,NSW,2283,87 Alkrington Avenue,"87 Alkrington Avenue, Fishing Point, NSW 2283",185000,"$185,000",residential-land,,,,,,715.3,m²,XLJTOS,LJ Hooker Lake Macquarie - TORONTO,,,22 Jan 2016,land,,715.3
Sold,https://www.realestate.com.au/sold/property-residential+land-nsw-fishing+point-201319138,Fishing Point,NSW,2283,160 Fishing Point Road,"160 Fishing Point Road, Fishing Point, NSW 2283",207500,"$207,500",residential-land,,,,,,1043.0,m²,XLJTOS,LJ Hooker Lake Macquarie - TORONTO,,,11 Jan 2016,land,,1043.0
Sold,https://www.realestate.com.au/sold/property-residential+land-nsw-fishing+point-201185563,Fishing Point,NSW,2283,69 Alkrington Avenue,"69 Alkrington Avenue, Fishing Point, NSW 2283",170000,"$170,000",residential-land,,,,,,734.0,m²,XLJTOS,LJ Hooker Lake Macquarie - TORONTO,,,08 Sep 2015,land,,734.0
Sold,https://www.realestate.com.au/sold/property-residential+land-nsw-fishing+point-200774039,Fishing Point,NSW,2283,227 Fishing Point Road,"227 Fishing Point Road, Fishing Point, NSW 2283",420000,"$420,000",residential-land,,,,,,1126.0,m²,XLJTOS,LJ Hooker Lake Macquarie - TORONTO,,,03 Jul 2015,land,,1126.0
Sold,https://www.realestate.com.au/sold/property-residential+land-nsw-fishing+point-200752155,Fishing Point,NSW,2283,76 Fishing Point Road,"76 Fishing Point Road, Fishing Point, NSW 2283",265000,"$265,000",residential-land,,,,,,878.9,m²,XLJTOS,LJ Hooker Lake Macquarie - TORONTO,,,03 Feb 2015,land,,878.9
Sold,https://www.realestate.com.au/sold/property-residential+land-nsw-fishing+point-200374571,Fishing Point,NSW,2283,,,145000,"$145,000",residential-land,,,,,,759.0,m²,XCETON,Century 21 Gallery - Rathmines,,,02 Sep 2013,land,,759.0
Sold,https://www.realestate.com.au/sold/property-residential+land-nsw-fishing+point-2874979,Fishing Point,NSW,2283,,,219000,"$219,000",residential-land,,,,,,752.0,m²,XLJTOS,LJ Hooker Lake Macquarie - TORONTO,,,07 Feb 2012,land,,752.0
Sold,https://www.realestate.com.au/sold/property-residential+land-nsw-fishing+point-202808326,Fishing Point,NSW,2283,154 Fishing Point Road,"154 Fishing Point Road, Fishing Point, NSW 2283",330000,"$330,000",residential-land,,,,,,645.0,m²,XLJTOS,LJ Hooker Lake Macquarie - TORONTO,,,10 Dec 2020,land,,645.0
Sold,https://www.realestate.com.au/sold/property-residential+land-nsw-fishing+point-200987967,Fishing Point,NSW,2283,55 Alkrington Avenue,"55 Alkrington Avenue, Fishing Point, NSW 2283",,Contact agent,residential-land,,,,,,2251.0,m²,QAGUCP,Ray White Ryde,,,28 Apr 2016,land,,2251.0
Sold,https://www.realestate.com.au/sold/property-residential+land-nsw-fishing+point-201290213,Fishing Point,NSW,2283,30 Sunlight Parade,"30 Sunlight Parade, Fishing Point, NSW 2283",181000,"$181,000",residential-land,,,,,,1176.0,m²,QAGUCP,Ray White Ryde,,,06 Oct 2015,land,,1176.0
Sold,https://www.realestate.com.au/sold/property-residential+land-nsw-fishing+point-200652739,Fishing Point,NSW,2283,,,120000,"$120,000",residential-land,,,,,,-1.0,,XRWTOR,Ray White - Toronto,,,28 Mar 2014,land,,-1.0
Sold,https://www.realestate.com.au/sold/property-residential+land-nsw-fishing+point-2612898,Fishing Point,NSW,2283,,,170000,"$170,000",residential-land,,,,,,710.0,m²,XLJTOS,LJ Hooker Lake Macquarie - TORONTO,,,26 Oct 2010,land,,710.0
Sold,https://www.realestate.com.au/sold/property-residential+land-nsw-fishing+point-2658091,Fishing Point,NSW,2283,,,,Contact agent,residential-land,,,,,,-1.0,,XCETON,Century 21 Gallery - Rathmines,,,28 Apr 2010,land,,-1.0
Sold,https://www.realestate.com.au/sold/property-residential+land-nsw-fishing+point-2691950,Fishing Point,NSW,2283,79 Alkrington Ave,"79 Alkrington Ave, Fishing Point, NSW 2283",,Contact agent,residential-land,,,,,,700.0,m²,XCENEM,Century 21 - Paradise Waters,,,22 Apr 2010,land,,700.0
